Date,Plot,Column,Row,Tag__,Height,Longest_Le,Stem_diame,__of_Leave,Tree_Statu,Sex,__of_Pups,__of_Heads,CAS_Infest,Leaf_Miner,Epiphyte,Butterfly_,BB_Damage,Comments,Max_PDOP,Max_HDOP,Corr_Type,Rcvr_Type,GPS_Date,GPS_Time,Feat_Name,GNSS_Heigh,Vert_Prec,Horz_Prec,Std_Dev,Northing,Easting
2022/02/24,,,,,,,,,,,,,,,,,,,"3.0","1.7",Uncorrected,Geo 7X (H-Star),2022/02/24,12:26:04pm,Cycad,"184.218","11.9","6.8","0.002189","1663245.238","352780.136"
2022/02/24,"1","2",A,"101","10.00","56.50","1.50","9.00",1=POOR,Unknown,"0","1",2=moderate,Yes,No,No,Yes,,"4.7","2.1",Uncorrected,Geo 7X (H-Star),2022/02/24,12:48:22pm,Cycad,"184.879","1.2","7.3","0.161442","1663083.969","352708.390"
2022/02/24,"1","2",B,"78","8.00","58.00","2.80","3.00",1=POOR,Unknown,"0","1",2=moderate,Yes,No,No,Yes,,"1.5","0.9",Uncorrected,Geo 7X (H-Star),2022/02/24,02:05:57pm,Cycad,"186.948","9.5","7.0","0.002938","1662931.687","352637.739"
2022/02/24,"1","2",C,"70","8.00","35.00","2.80","10.00",2=MOD,Unknown,"0","1",1=sparse,Yes,No,No,Yes,,"1.4","0.8",Uncorrected,Geo 7X (H-Star),2022/02/24,02:13:14pm,Cycad,"187.885","9.2","6.3","0.001112","1662935.893","352637.457"
2022/02/24,"1","2",D,"86","7.00","37.00","2.40","4.00",2=MOD,Unknown,"0","1",1=sparse,Yes,No,No,Yes,,"1.3","0.7",Uncorrected,Geo 7X (H-Star),2022/02/24,02:17:08pm,Cycad,"188.852","9.3","5.6","0.000510","1662938.127","352638.462"
2022/02/24,"1","2",E,,,,,,0=DEAD/MISSING,,,,,,,,,,"1.4","0.8",Uncorrected,Geo 7X (H-Star),2022/02/24,02:19:59pm,Cycad,"189.652","10.8","6.4","0.004596","1662938.169","352638.568"
2022/02/24,"1","2",F,"102","5.00","38.00","2.20","4.00",2=MOD,Unknown,"0","1",1=sparse,Yes,No,No,No,,"1.4","0.7",Uncorrected,Geo 7X (H-Star),2022/02/24,02:21:39pm,Cycad,"189.237","9.4","5.7","0.000539","1662943.092","352640.203"
2022/02/24,"1","2",G,,,,,,0=DEAD/MISSING,,,,,,,,,,"1.4","0.8",Uncorrected,Geo 7X (H-Star),2022/02/24,02:25:17pm,Cycad,"188.061","10.7","6.0","0.000436","1662943.750","352639.773"
2022/02/24,"1","3",A,"103","9.00","44.00","2.80","6.00",1=POOR,Unknown,"0","1",3=heavy,Yes,No,No,Yes,,"1.5","0.9",Uncorrected,Geo 7X (H-Star),2022/02/24,02:26:11pm,Cycad,"186.847","9.2","7.1","0.001152","1662929.210","352636.848"
2022/02/24,"1","2",B,"104","11.00","53.00","2.60","5.00",1=POOR,Unknown,"0","1",3=heavy,Yes,No,No,Yes,,"1.5","0.8",Uncorrected,Geo 7X (H-Star),2022/02/24,02:28:27pm,Cycad,"188.570","8.8","6.6","0.000829","1662932.102","352638.066"
2022/02/24,"1","2",C,"105","4.00","36.00","1.70","4.00",2=MOD,Unknown,"0","1",2=moderate,Yes,No,No,Yes,,"1.4","0.8",Uncorrected,Geo 7X (H-Star),2022/02/24,02:30:18pm,Cycad,"187.970","9.0","5.5","0.000639","1662935.381","352638.995"
2022/02/24,"1","3",D,"106","10.00","40.00","3.10","10.00",2=MOD,Unknown,"0","1",2=moderate,Yes,No,No,Yes,,"1.3","0.7",Uncorrected,Geo 7X (H-Star),2022/02/24,02:32:10pm,Cycad,"188.482","8.7","5.5","0.000428","1662938.412","352639.997"
2022/02/24,"1","3",E,,,,,,0=DEAD/MISSING,,,,,,,,,,"1.3","0.7",Uncorrected,Geo 7X (H-Star),2022/02/24,02:34:58pm,Cycad,"190.100","12.1","6.5","0.000792","1662941.212","352640.972"
2022/02/24,"1","3",F,,,,,,0=DEAD/MISSING,,,,,,,,,,"1.5","0.8",Uncorrected,Geo 7X (H-Star),2022/02/24,02:35:40pm,Cycad,"190.769","11.5","6.6","0.002320","1662942.373","352642.365"
2022/02/24,"1","3",F,,,,,,0=DEAD/MISSING,,,,,,,,,,"1.4","0.7",Uncorrected,Geo 7X (H-Star),2022/02/24,02:36:28pm,Cycad,"188.975","11.8","6.8","0.001919","1662941.773","352643.178"
2022/02/24,"1","3",G,,,,,,0=DEAD/MISSING,,,,,,,,,,"1.4","0.8",Uncorrected,Geo 7X (H-Star),2022/02/24,02:37:14pm,Cycad,"189.467","11.5","6.8","0.000602","1662941.208","352643.382"
2022/02/24,"1","5",A,"107","2.00","37.00","1.80","4.00",1=POOR,Unknown,"0","1",1=sparse,Yes,No,No,Yes,,"1.4","0.8",Uncorrected,Geo 7X (H-Star),2022/02/24,02:38:08pm,Cycad,"188.116","9.1","5.3","0.000523","1662928.611","352643.760"
2022/02/24,"1","5",B,"108","26.00","69.00","6.00","67.00",3=HEALTHY,Unknown,"0","2",1=sparse,Yes,No,No,Yes,,"1.4","0.8",Uncorrected,Geo 7X (H-Star),2022/02/24,02:40:49pm,Cycad,"185.339","9.3","6.3","0.001191","1662930.692","352644.809"
2022/02/24,"1","5",C,"109","15.00","60.00","4.50","23.00",3=HEALTHY,Unknown,"0","1",1=sparse,Yes,No,No,Yes,,"1.5","0.8",Uncorrected,Geo 7X (H-Star),2022/02/24,02:44:42pm,Cycad,"185.177","8.2","5.7","0.000895","1662933.177","352646.605"
2022/02/24,,,,,,,,,,,,,,,,,,,"10.3","6.0",Uncorrected,Geo 7X (H-Star),2022/02/24,02:50:41pm,Cycad,"162.845","1.6","11.5","0.005851","1662932.387","352639.981"
2022/02/24,"2","1",A,"110","1.00","25.00","1.00","3.00",3=HEALTHY,Unknown,"0","1",1=sparse,No,No,No,No,,"2.3","1.1",Uncorrected,Geo 7X (H-Star),2022/02/24,02:59:49pm,Cycad,"190.854","14.4","7.8","0.001715","1662955.403","352650.991"
2022/02/24,"2","1",B,,,,,,0=DEAD/MISSING,,,,,,,,,,"1.6","1.0",Uncorrected,Geo 7X (H-Star),2022/02/24,03:04:18pm,Cycad,"192.477","15.1","7.0","0.000443","1662958.033","352649.934"
2022/02/24,"2","1",C,,,,,,0=DEAD/MISSING,,,,,,,,,,"1.7","0.9",Uncorrected,Geo 7X (H-Star),2022/02/24,03:05:13pm,Cycad,"191.004","11.9","5.4","0.000360","1662961.177","352651.025"
2022/02/24,"2","1",D,,,,,,0=DEAD/MISSING,,,,,,,,,,"1.4","0.7",Uncorrected,Geo 7X (H-Star),2022/02/24,03:05:43pm,Cycad,"189.988","9.3","4.7","0.000240","1662963.343","352651.210"
2022/02/24,"2","1",E,,,,,,0=DEAD/MISSING,,,,,,,,,,"1.7","0.8",Uncorrected,Geo 7X (H-Star),2022/02/24,03:06:04pm,Cycad,"189.684","10.2","5.3","0.001820","1662965.011","352652.196"
2022/02/24,"2","1",E,"111","6.00","32.00","1.50","3.00",1=POOR,Unknown,"0","1",3=heavy,Yes,No,No,Yes,,"1.4","0.7",Uncorrected,Geo 7X (H-Star),2022/02/24,03:06:52pm,Cycad,"186.505","10.5","5.4","0.000701","1662969.153","352652.737"
2022/02/24,"2","1",G,"112","1.00","7.00","1.00","2.00",1=POOR,Unknown,"0","1",1=sparse,Yes,No,No,No,,"1.7","0.8",Uncorrected,Geo 7X (H-Star),2022/02/24,03:09:15pm,Cycad,"189.108","10.4","5.8","0.002528","1662969.997","352654.254"
2022/02/24,"2","1",H,,,,,,0=DEAD/MISSING,,,,,,,,,,"1.4","0.7",Uncorrected,Geo 7X (H-Star),2022/02/24,03:13:08pm,Cycad,"191.485","9.6","5.3","0.000619","1662973.193","352656.872"
2022/02/24,"2","1",I,,,,,,0=DEAD/MISSING,,,,,,,,,,"1.4","0.7",Uncorrected,Geo 7X (H-Star),2022/02/24,03:13:43pm,Cycad,"190.543","12.2","5.5","0.000451","1662976.726","352656.574"
2022/02/24,"2","1",J,,,,,,0=DEAD/MISSING,,,,,,,,,,"1.4","0.7",Uncorrected,Geo 7X (H-Star),2022/02/24,03:14:05pm,Cycad,"191.825","11.9","5.4","0.000218","1662977.379","352656.958"
2022/02/24,"2","1",K,"113","7.00","44.00","1.90","7.00",2=MOD,Unknown,"0","1",2=moderate,Yes,No,No,Yes,,"1.4","0.7",Uncorrected,Geo 7X (H-Star),2022/02/24,03:14:31pm,Cycad,"191.348","13.2","5.7","0.004362","1662982.553","352657.629"
2022/02/24,"2","1",L,"114","4.00","34.00","1.30","3.00",2=MOD,Unknown,"0","1",1=sparse,Yes,No,No,Yes,,"1.5","0.7",Uncorrected,Geo 7X (H-Star),2022/02/24,03:19:07pm,Cycad,"190.132","11.0","5.2","0.000843","1662985.737","352657.980"
2022/02/24,"2","3",A,"115","31.00","64.00","7.50","117.00",3=HEALTHY,Unknown,"0","1",2=moderate,Yes,No,No,Yes,,"1.5","0.8",Uncorrected,Geo 7X (H-Star),2022/02/24,03:23:05pm,Cycad,"190.532","12.9","6.5","0.001559","1662954.573","352654.104"
2022/02/24,"2","3",B,"116","26.00","65.00","6.00","53.00",3=HEALTHY,Female,"0","1",1=sparse,Yes,No,No,Yes,,"1.6","0.7",Uncorrected,Geo 7X (H-Star),2022/02/24,03:26:11pm,Cycad,"192.041","11.3","5.2","0.000423","1662957.742","352655.037"
2022/02/24,"2","3",C,"117","10.00","36.00","2.60","9.00",2=MOD,Unknown,"0","1",1=sparse,Yes,No,No,Yes,,"1.2","0.7",Uncorrected,Geo 7X (H-Star),2022/02/24,03:28:48pm,Cycad,"190.464","8.5","4.5","0.000475","1662959.788","352655.938"
2022/02/24,"2","3",D,"118","7.00","38.00","2.00","6.00",2=MOD,Unknown,"0","1",2=moderate,Yes,No,No,Yes,,"1.3","0.7",Uncorrected,Geo 7X (H-Star),2022/02/24,03:30:56pm,Cycad,"189.580","8.9","4.9","0.000282","1662961.824","352656.237"
2022/02/24,"2","3",E,"119","1.00","36.00","1.00","0.00",1=POOR,Unknown,"0","1",3=heavy,Yes,No,No,Yes,,"1.4","0.7",Uncorrected,Geo 7X (H-Star),2022/02/24,03:32:55pm,Cycad,"190.265","10.2","5.4","0.000914","1662965.565","352658.728"
2022/02/24,"2","3",F,"120","9.00","49.00","2.70","0.00",1=POOR,Unknown,"0","1",3=heavy,Yes,No,No,Yes,,"1.4","0.7",Uncorrected,Geo 7X (H-Star),2022/02/24,03:34:49pm,Cycad,"189.347","9.9","5.2","0.000877","1662967.487","352658.653"
2022/02/24,"2","3",G,"121","1.00","25.00","1.00","4.00",2=MOD,Unknown,"0","1",1=sparse,Yes,No,No,Yes,,"1.5","0.7",Uncorrected,Geo 7X (H-Star),2022/02/24,03:37:43pm,Cycad,"188.899","10.4","5.1","0.000574","1662970.011","352659.577"
2022/02/24,"2","3",H,,,,,,0=DEAD/MISSING,,,,,,,,,,"1.2","0.7",Uncorrected,Geo 7X (H-Star),2022/02/24,03:40:14pm,Cycad,"188.128","8.3","4.9","0.000533","1662973.251","352661.908"
2022/02/24,"2","3",I,,,,,,0=DEAD/MISSING,,,,,,,,,,"1.2","0.7",Uncorrected,Geo 7X (H-Star),2022/02/24,03:40:43pm,Cycad,"190.625","10.3","5.3","0.000363","1662975.856","352661.955"
2022/02/24,"2","3",J,"122","18.00","52.00","4.50","19.00",2=MOD,Unknown,"0","1",2=moderate,Yes,No,No,Yes,,"1.4","0.7",Uncorrected,Geo 7X (H-Star),2022/02/24,03:41:13pm,Cycad,"190.724","10.1","5.4","0.000682","1662980.978","352661.878"
2022/02/24,"2","3",K,"123","5.00","26.00","1.20","3.00",2=MOD,Unknown,"0","1",1=sparse,Yes,No,No,No,,"1.4","0.7",Uncorrected,Geo 7X (H-Star),2022/02/24,03:43:23pm,Cycad,"187.715","10.3","5.1","0.000888","1662983.031","352663.081"
2022/02/24,"2","3",L,,,,,,0=DEAD/MISSING,,,,,,,,,,"1.5","0.7",Uncorrected,Geo 7X (H-Star),2022/02/24,03:47:10pm,Cycad,"187.626","10.2","4.8","0.000678","1662984.021","352661.958"
2022/02/24,"2","5",A,"124","11.00","50.00","3.80","13.00",3=HEALTHY,Unknown,"0","1",0=none,Yes,No,No,No,,"1.7","0.8",Uncorrected,Geo 7X (H-Star),2022/02/24,03:49:29pm,Cycad,"189.693","10.3","5.1","0.001037","1662952.636","352660.336"
2022/02/24,"2","5",B,"125","27.00","63.00","6.20","33.00",2=MOD,Male,"0","1",3=heavy,Yes,No,No,Yes,,"1.5","0.7",Uncorrected,Geo 7X (H-Star),2022/02/24,03:52:50pm,Cycad,"188.734","10.1","4.7","0.001242","1662954.744","352662.089"
2022/02/24,"2","5",C,"126","34.00","66.00","7.60","56.00",2=MOD,Unknown,"0","3",3=heavy,Yes,No,No,Yes,,"1.4","0.6",Uncorrected,Geo 7X (H-Star),2022/02/24,04:00:38pm,Cycad,"185.040","8.6","4.0","0.000722","1662957.711","352663.526"
2022/02/24,"2","5",D,"127","16.00","43.00","4.50","17.00",1=POOR,Unknown,"0","1",3=heavy,Yes,No,No,Yes,,"1.4","0.6",Uncorrected,Geo 7X (H-Star),2022/02/24,04:04:01pm,Cycad,"185.613","9.0","4.2","0.000559","1662959.697","352663.347"
2022/02/25,"3","1",A,"400","1.00","33.00","1.00","3.00",3=HEALTHY,Unknown,"0","1",0=none,Yes,No,No,No,,"3.3","1.5",Uncorrected,Geo 7X (H-Star),2022/02/25,11:04:07am,Cycad,"191.230","15.3","7.4","0.001026","1662986.798","352672.484"
2022/02/25,"3","1",B,,,,,,0=DEAD/MISSING,,,,,,,,,,"2.7","1.3",Uncorrected,Geo 7X (H-Star),2022/02/25,11:09:01am,Cycad,"193.424","12.1","6.3","0.000294","1662988.451","352672.703"
2022/02/25,"3","1",c,"301","1.00","28.00","1.00","4.00",2=MOD,Unknown,"0","1",1=sparse,Yes,No,Yes,Yes,,"3.3","1.4",Uncorrected,Geo 7X (H-Star),2022/02/25,11:09:23am,Cycad,"186.057","11.6","5.7","0.001921","1662990.833","352675.627"
2022/02/25,"3","1",D,"302","5.00","41.00","1.50","5.00",3=HEALTHY,Unknown,"0","1",1=sparse,Yes,No,Yes,No,,"1.9","0.9",Uncorrected,Geo 7X (H-Star),2022/02/25,11:12:19am,Cycad,"184.028","10.6","5.3","0.000845","1662993.282","352677.559"
2022/02/25,"3","1",E,"399","1.00","43.00","1.00","3.00",2=MOD,Unknown,"0","1",0=none,No,No,Yes,No,,"2.0","0.9",Uncorrected,Geo 7X (H-Star),2022/02/25,11:15:10am,Cycad,"183.813","12.6","6.0","0.001557","1662994.985","352679.463"
2022/02/25,"3","1",F,"398","6.00","39.50","1.70","7.00",3=HEALTHY,Unknown,"0","1",1=sparse,Yes,No,Yes,No,,"1.8","0.9",Uncorrected,Geo 7X (H-Star),2022/02/25,11:18:21am,Cycad,"182.304","11.1","5.5","0.000751","1662998.261","352680.822"
2022/02/25,"3","1",G,"397","4.50","39.50","1.70","4.00",3=HEALTHY,Unknown,"0","1",1=sparse,Yes,No,Yes,No,,"1.8","0.8",Uncorrected,Geo 7X (H-Star),2022/02/25,11:20:05am,Cycad,"180.621","10.0","5.4","0.001306","1662999.832","352682.323"
2022/02/25,"3","1",H,"303","4.00","35.50","1.40","1.00",3=HEALTHY,Unknown,"0","1",1=sparse,No,No,Yes,No,,"2.2","1.0",Uncorrected,Geo 7X (H-Star),2022/02/25,11:24:22am,Cycad,"183.447","10.7","5.4","0.000494","1663002.057","352684.221"
2022/02/25,"3","1",I,,,,,,0=DEAD/MISSING,,,,,,,,,,"1.5","0.8",Uncorrected,Geo 7X (H-Star),2022/02/25,11:27:47am,Cycad,"182.476","8.9","5.0","0.000353","1663004.549","352686.219"
2022/02/25,"3","1",J,,,,,,0=DEAD/MISSING,,,,,,,,,,"1.5","0.8",Uncorrected,Geo 7X (H-Star),2022/02/25,11:28:05am,Cycad,"181.254","8.7","4.9","0.000518","1663003.615","352687.691"
2022/02/25,"3","3",A,"304","9.50","48.00","2.40","12.00",2=MOD,Unknown,"0","1",1=sparse,Yes,No,Yes,Yes,,"1.5","0.8",Uncorrected,Geo 7X (H-Star),2022/02/25,11:29:19am,Cycad,"186.152","13.0","6.9","0.000862","1662984.339","352678.431"
2022/02/25,"3","3",B,,,,,,0=DEAD/MISSING,,,,,,,,,,"1.4","0.7",Uncorrected,Geo 7X (H-Star),2022/02/25,11:31:24am,Cycad,"184.007","12.4","6.7","0.002132","1662985.453","352678.745"
2022/02/25,"3","3",C,"305","1.00","26.50","1.00","3.00",2=MOD,Unknown,"0","1",1=sparse,Yes,No,Yes,Yes,,"1.4","0.8",Uncorrected,Geo 7X (H-Star),2022/02/25,11:32:13am,Cycad,"183.428","8.4","4.8","0.000613","1662991.069","352680.015"
2022/02/25,"3","3",D,,,,,,0=DEAD/MISSING,,,,,,,,,,"1.3","0.7",Uncorrected,Geo 7X (H-Star),2022/02/25,11:33:26am,Cycad,"180.762","9.8","5.4","0.001863","1662991.799","352680.785"
2022/02/25,"3","3",E,"306","1.00","25.00","1.00","1.00",2=MOD,Unknown,"0","1",1=sparse,Yes,No,Yes,Yes,,"1.4","0.7",Uncorrected,Geo 7X (H-Star),2022/02/25,11:34:02am,Cycad,"184.544","9.6","5.1","0.001020","1662994.519","352683.680"
2022/02/25,"3","3",F,"307","3.50","29.00","1.10","3.00",3=HEALTHY,Unknown,"0","1",1=sparse,Yes,No,Yes,Yes,,"1.3","0.7",Uncorrected,Geo 7X (H-Star),2022/02/25,11:35:38am,Cycad,"181.568","10.5","5.3","0.000688","1662996.349","352684.497"
2022/02/25,"3","3",G,"308","4.00","36.00","2.10","6.00",3=HEALTHY,Female,"0","1",1=sparse,Yes,No,Yes,Yes,,"1.3","0.7",Uncorrected,Geo 7X (H-Star),2022/02/25,11:37:08am,Cycad,"182.999","9.9","5.2","0.000977","1662995.887","352683.707"
2022/02/25,"3","3",H,,,,,,0=DEAD/MISSING,,,,,,,,,,"1.3","0.6",Uncorrected,Geo 7X (H-Star),2022/02/25,11:40:22am,Cycad,"182.476","9.3","4.9","0.001889","1663000.121","352686.444"
2022/02/25,"3","3",I,,,,,,0=DEAD/MISSING,,,,,,,,,,"1.2","0.6",Uncorrected,Geo 7X (H-Star),2022/02/25,11:41:47am,Cycad,"182.411","10.4","5.5","0.000539","1663002.542","352689.095"
2022/02/25,"3","3",J,,,,,,0=DEAD/MISSING,,,,,,,,,,"1.2","0.6",Uncorrected,Geo 7X (H-Star),2022/02/25,11:42:07am,Cycad,"182.510","8.2","4.8","0.000247","1663001.715","352689.616"
2022/02/25,"3","5",A,,,,,,0=DEAD/MISSING,,,,,,,,,,"1.3","0.7",Uncorrected,Geo 7X (H-Star),2022/02/25,11:46:04am,Cycad,"180.348","12.1","6.1","0.000474","1662984.053","352684.425"
2022/02/25,"3","5",B,,,,,,0=DEAD/MISSING,,,,,,,,,,"1.3","0.7",Uncorrected,Geo 7X (H-Star),2022/02/25,11:46:22am,Cycad,"180.814","10.5","5.8","0.000434","1662983.460","352684.410"
2022/02/25,"3","5",C,"309","1.00","32.00","13.00","3.00",2=MOD,Unknown,"0","1",1=sparse,No,No,Yes,Yes,,"1.3","0.7",Uncorrected,Geo 7X (H-Star),2022/02/25,11:46:44am,Cycad,"180.441","10.1","6.0","0.001088","1662985.279","352686.349"
2022/02/25,"3","5",D,"310","1.00","14.00","1.00","3.00",2=MOD,Unknown,"0","1",1=sparse,Yes,No,Yes,Yes,,"1.3","0.7",Uncorrected,Geo 7X (H-Star),2022/02/25,11:50:45am,Cycad,"180.933","11.3","6.5","0.002172","1662988.660","352687.326"
2022/02/25,"3","5",E,,,,,,0=DEAD/MISSING,,,,,,,,,,"1.3","0.7",Uncorrected,Geo 7X (H-Star),2022/02/25,11:53:02am,Cycad,"181.332","11.9","6.8","0.001642","1662992.210","352689.368"
2022/02/25,"3","5",F,"311","3.00","33.00","2.00","4.00",2=MOD,Unknown,"0","1",1=sparse,Yes,No,Yes,Yes,,"1.4","0.7",Uncorrected,Geo 7X (H-Star),2022/02/25,11:55:37am,Cycad,"179.806","9.4","5.6","0.001463","1662993.988","352690.414"
2022/02/25,"3","5",G,,,,,,0=DEAD/MISSING,,,,,,,,,,"1.2","0.6",Uncorrected,Geo 7X (H-Star),2022/02/25,12:01:19pm,Cycad,"179.839","10.8","5.4","0.000578","1662996.413","352693.017"
2022/02/25,"3","5",H,,,,,,0=DEAD/MISSING,,,,,,,,,,"1.2","0.6",Uncorrected,Geo 7X (H-Star),2022/02/25,12:01:50pm,Cycad,"179.743","10.6","5.2","0.001581","1662998.645","352693.230"
2022/02/25,"3","5",I,"312","3.50","33.50","1.30","2.00",2=MOD,Unknown,"0","1",1=sparse,Yes,No,Yes,Yes,,"1.3","0.7",Uncorrected,Geo 7X (H-Star),2022/02/25,12:02:51pm,Cycad,"178.251","12.2","5.5","0.005288","1662999.738","352694.848"
2022/02/25,"3","5",J,"313","4.50","41.00","1.40","3.00",3=HEALTHY,Unknown,"0","1",1=sparse,Yes,No,Yes,Yes,,"1.2","0.6",Uncorrected,Geo 7X (H-Star),2022/02/25,12:07:03pm,Cycad,"179.155","11.3","5.6","0.002569","1663002.147","352694.609"
2022/02/26,"4","2",B,"49",,,,,,,,,,,,,,,"1.6","0.8",Uncorrected,Geo 7X (H-Star),2022/02/26,09:21:24am,Cycad,"179.292","9.7","5.3","0.000993","1663022.353","352690.288"
2022/02/26,"4","2",C,"43",,,,,,,,,,,,,,,"1.3","0.8",Uncorrected,Geo 7X (H-Star),2022/02/26,09:25:55am,Cycad,"180.488","10.4","6.5","0.000755","1663026.345","352690.476"
2022/02/26,"4","2",D,"32",,,,,,,,,,,,,,,"1.5","0.8",Uncorrected,Geo 7X (H-Star),2022/02/26,09:26:40am,Cycad,"178.976","10.2","6.0","0.002036","1663027.894","352693.272"
2022/02/26,"4","2",F,"44",,,,,,,,,,,,,,,"1.4","0.8",Uncorrected,Geo 7X (H-Star),2022/02/26,09:29:24am,Cycad,"179.300","9.5","5.1","0.000909","1663033.448","352698.743"
2022/02/26,"4","2",G,"35",,,,,,,,,,,,,,,"1.4","0.8",Uncorrected,Geo 7X (H-Star),2022/02/26,09:30:18am,Cycad,"183.802","12.2","7.5","0.001573","1663035.729","352700.333"
2022/02/26,"4","2",H,"45",,,,,,,,,,,,,,,"1.7","0.9",Uncorrected,Geo 7X (H-Star),2022/02/26,09:31:16am,Cycad,"181.986","8.2","5.1","0.000180","1663037.755","352702.605"
2022/02/26,"4","2",I,"40",,,,,,,,,,,,,,,"1.6","0.8",Uncorrected,Geo 7X (H-Star),2022/02/26,09:32:06am,Cycad,"172.398","9.7","7.4","0.001027","1663042.519","352697.804"
2022/02/26,"4","2",J,"46",,,,,,,,,,,,,,,"1.3","0.7",Uncorrected,Geo 7X (H-Star),2022/02/26,09:32:45am,Cycad,"175.023","8.0","5.5","0.001464","1663044.028","352700.917"
2022/02/26,"4","2",K,"47",,,,,,,,,,,,,,,"1.7","0.9",Uncorrected,Geo 7X (H-Star),2022/02/26,09:34:11am,Cycad,"178.433","8.7","5.3","0.001022","1663047.104","352702.690"
2022/02/26,"4","5",A,"42",,,,,,,,,,,,,,,"1.6","0.9",Uncorrected,Geo 7X (H-Star),2022/02/26,09:36:32am,Cycad,"180.134","9.6","6.4","0.000801","1663016.099","352696.607"
2022/02/26,"4","5",B,"41",,,,,,,,,,,,,,,"1.5","0.8",Uncorrected,Geo 7X (H-Star),2022/02/26,09:37:00am,Cycad,"177.645","8.9","5.7","0.000854","1663019.146","352696.994"
2022/02/26,"4","5",C,"38",,,,,,,,,,,,,,,"1.4","0.8",Uncorrected,Geo 7X (H-Star),2022/02/26,09:37:51am,Cycad,"179.296","8.2","5.4","0.001354","1663019.397","352698.266"
2022/02/26,"4","5",E,"39",,,,,,,,,,,,,,,"1.4","0.8",Uncorrected,Geo 7X (H-Star),2022/02/26,09:38:30am,Cycad,"177.453","8.5","5.4","0.002722","1663023.622","352700.390"
2022/02/26,"4","5",I,"37",,,,,,,,,,,,,,,"1.6","0.9",Uncorrected,Geo 7X (H-Star),2022/02/26,09:39:33am,Cycad,"176.317","7.5","5.0","0.006167","1663032.695","352705.777"
2022/02/26,"4","5",J,"36",,,,,,,,,,,,,,,"1.4","0.8",Uncorrected,Geo 7X (H-Star),2022/02/26,09:40:34am,Cycad,"175.834","7.1","4.7","0.002970","1663038.874","352709.275"
2022/02/26,"4","4",B,"393",,,,,,,,,,,,,,,"1.3","0.7",Uncorrected,Geo 7X (H-Star),2022/02/26,09:43:20am,Cycad,"176.756","10.5","6.7","0.001828","1663021.503","352693.315"
2022/02/26,"4","4",D,"392",,,,,,,,,,,,,,,"1.4","0.8",Uncorrected,Geo 7X (H-Star),2022/02/26,09:43:50am,Cycad,"178.610","7.5","5.1","0.000972","1663024.782","352697.763"
2022/02/26,"4","4",F,"391",,,,,,,,,,,,,,,"1.3","0.7",Uncorrected,Geo 7X (H-Star),2022/02/26,09:44:28am,Cycad,"176.924","8.8","6.8","0.000334","1663029.996","352702.052"
2022/02/26,"4","4",G,"390",,,,,,,,,,,,,,,"1.3","0.7",Uncorrected,Geo 7X (H-Star),2022/02/26,09:45:11am,Cycad,"176.166","9.6","7.7","0.000727","1663032.812","352704.514"
2022/02/26,"4","4",H,"389",,,,,,,,,,,,,,,"1.5","0.8",Uncorrected,Geo 7X (H-Star),2022/02/26,09:45:30am,Cycad,"177.935","7.3","5.8","0.000612","1663035.172","352707.477"
2022/02/26,"4","4",I,"388",,,,,,,,,,,,,,,"1.5","0.8",Uncorrected,Geo 7X (H-Star),2022/02/26,09:45:59am,Cycad,"177.571","6.8","4.4","0.000525","1663038.465","352708.089"
2022/02/26,"4","4",J,"387",,,,,,,,,,,,,,,"1.2","0.7",Uncorrected,Geo 7X (H-Star),2022/02/26,09:46:20am,Cycad,"177.200","7.3","4.9","0.000517","1663040.540","352709.254"
2022/02/26,"4","4",K,"357",,,,,,,,,,,,,,,"1.2","0.7",Uncorrected,Geo 7X (H-Star),2022/02/26,09:46:42am,Cycad,"175.768","7.3","4.7","0.000494","1663043.463","352710.142"
2022/02/26,"5","2",C,"34",,,,,,,,,,,,,,,"1.5","0.9",Uncorrected,Geo 7X (H-Star),2022/02/26,09:56:23am,Cycad,"181.107","7.0","4.7","0.001033","1663071.990","352713.757"
2022/02/26,"5","2",D,"33",,,,,,,,,,,,,,,"1.4","0.7",Uncorrected,Geo 7X (H-Star),2022/02/26,09:57:39am,Cycad,"182.422","7.1","4.9","0.001482","1663073.591","352715.590"
2022/02/26,"5","2",E,"29",,,,,,,,,,,,,,,"1.4","0.8",Uncorrected,Geo 7X (H-Star),2022/02/26,09:59:32am,Cycad,"180.815","6.5","4.4","0.000882","1663076.563","352717.412"
2022/02/26,"5","2",G,"28",,,,,,,,,,,,,,,"1.1","0.6",Uncorrected,Geo 7X (H-Star),2022/02/26,10:00:44am,Cycad,"180.742","8.0","5.2","0.001931","1663080.507","352719.893"
2022/02/26,"5","5",A,"383",,,,,,,,,,,,,,,"1.3","0.7",Uncorrected,Geo 7X (H-Star),2022/02/26,10:03:23am,Cycad,"184.178","8.8","7.2","0.000961","1663059.935","352716.724"
2022/02/26,"5","5",B,"384",,,,,,,,,,,,,,,"1.2","0.7",Uncorrected,Geo 7X (H-Star),2022/02/26,10:03:53am,Cycad,"182.871","9.1","7.2","0.000899","1663064.467","352717.927"
2022/02/26,"5","5",C,"382",,,,,,,,,,,,,,,"1.2","0.7",Uncorrected,Geo 7X (H-Star),2022/02/26,10:04:16am,Cycad,"180.595","8.8","5.5","0.001157","1663065.015","352718.000"
2022/02/26,"5","5",G,"26",,,,,,,,,,,,,,,"1.2","0.7",Uncorrected,Geo 7X (H-Star),2022/02/26,10:05:59am,Cycad,"180.826","7.6","5.9","0.000689","1663073.973","352728.674"
2022/02/26,"6","1",A,"169",,,,,,,,,,,,,,,"1.2","0.7",Uncorrected,Geo 7X (H-Star),2022/02/26,10:08:16am,Cycad,"185.667","10.0","5.8","0.000646","1663088.473","352718.715"
2022/02/26,"6","1",B,"25",,,,,,,,,,,,,,,"1.2","0.7",Uncorrected,Geo 7X (H-Star),2022/02/26,10:08:57am,Cycad,"182.864","11.1","7.9","0.000767","1663091.763","352719.653"
2022/02/26,"6","1",C,"24",,,,,,,,,,,,,,,"1.5","0.9",Uncorrected,Geo 7X (H-Star),2022/02/26,10:09:35am,Cycad,"185.260","8.3","5.4","0.000902","1663094.226","352721.568"
2022/02/26,"6","1",D,"23",,,,,,,,,,,,,,,"1.2","0.7",Uncorrected,Geo 7X (H-Star),2022/02/26,10:10:19am,Cycad,"183.216","8.6","5.8","0.000436","1663097.085","352720.045"
2022/02/26,"6","1",F,"22",,,,,,,,,,,,,,,"1.2","0.7",Uncorrected,Geo 7X (H-Star),2022/02/26,10:11:19am,Cycad,"182.902","8.8","5.8","0.000646","1663105.620","352725.729"
2022/02/26,"6","1",I,"21",,,,,,,,,,,,,,,"1.6","0.9",Uncorrected,Geo 7X (H-Star),2022/02/26,10:12:41am,Cycad,"187.819","9.1","6.0","0.000665","1663105.482","352725.549"
2022/02/26,"6","1",G,"20",,,,,,,,,,,,,,,"1.6","0.9",Uncorrected,Geo 7X (H-Star),2022/02/26,10:13:09am,Cycad,"190.068","11.1","7.0","0.001441","1663106.519","352727.693"
2022/02/26,"6","1",H,"19",,,,,,,,,,,,,,,"1.5","0.9",Uncorrected,Geo 7X (H-Star),2022/02/26,10:13:39am,Cycad,"189.096","11.3","6.1","0.001934","1663111.762","352726.249"
2022/02/26,"6","4",F,"371",,,,,,,,,,,,,,,"1.3","0.7",Uncorrected,Geo 7X (H-Star),2022/02/26,10:17:22am,Cycad,"182.225","7.8","4.8","0.001329","1663099.443","352733.195"
2022/02/26,"6","4",G,"373",,,,,,,,,,,,,,,"1.3","0.7",Uncorrected,Geo 7X (H-Star),2022/02/26,10:19:31am,Cycad,"183.802","10.9","6.3","0.003269","1663103.808","352735.261"
2022/02/26,"6","4",H,"369",,,,,,,,,,,,,,,"1.4","0.8",Uncorrected,Geo 7X (H-Star),2022/02/26,10:21:08am,Cycad,"186.557","13.2","6.7","0.001087","1663104.869","352737.318"
2022/02/26,"7","1",A,"182",,,,,,,,,,,,,,,"1.3","0.7",Uncorrected,Geo 7X (H-Star),2022/02/26,10:24:24am,Cycad,"185.336","10.0","5.9","0.000451","1663126.826","352749.677"
2022/02/26,"7","1",B,"183",,,,,,,,,,,,,,,"1.2","0.7",Uncorrected,Geo 7X (H-Star),2022/02/26,10:24:50am,Cycad,"185.793","9.4","5.8","0.001720","1663127.712","352746.271"
2022/02/26,"7","1",D,"184",,,,,,,,,,,,,,,"1.3","0.7",Uncorrected,Geo 7X (H-Star),2022/02/26,10:25:36am,Cycad,"188.593","12.2","6.0","0.000831","1663133.979","352752.734"
2022/02/26,"24","1",A,"327",,,,,,,,,,,,,,,"1.3","0.7",Uncorrected,Geo 7X (H-Star),2022/02/26,11:00:09am,Cycad,"185.707","8.6","5.9","0.000878","1663087.063","352748.310"
2022/02/26,"24","2",I,"193",,,,,,,,,,,,,,,"1.3","0.7",Uncorrected,Geo 7X (H-Star),2022/02/26,11:02:00am,Cycad,"185.188","9.5","5.8","0.000944","1663081.712","352769.491"
2022/02/26,"24","2",J,"191",,,,,,,,,,,,,,,"1.1","0.6",Uncorrected,Geo 7X (H-Star),2022/02/26,11:02:29am,Cycad,"184.154","9.9","6.2","0.001193","1663082.487","352772.991"
2022/02/26,"24","2",K,"356",,,,,,,,,,,,,,,"1.5","0.7",Uncorrected,Geo 7X (H-Star),2022/02/26,11:02:52am,Cycad,"183.058","11.6","6.1","0.000991","1663082.832","352775.779"
2022/02/26,"24","2",L,"328",,,,,,,,,,,,,,,"1.2","0.7",Uncorrected,Geo 7X (H-Star),2022/02/26,11:03:35am,Cycad,"183.676","9.4","5.7","0.000191","1663083.406","352780.810"
2022/02/26,"24","2",P,"198",,,,,,,,,,,,,,,"1.3","0.7",Uncorrected,Geo 7X (H-Star),2022/02/26,11:04:31am,Cycad,"184.820","8.6","6.2","0.000645","1663082.779","352791.480"
2022/02/26,"24","2",S,"365",,,,,,,,,,,,,,,"1.2","0.7",Uncorrected,Geo 7X (H-Star),2022/02/26,11:04:58am,Cycad,"184.626","8.1","5.6","0.000408","1663082.052","352800.221"
2022/02/26,"24","2",T,"367",,,,,,,,,,,,,,,"1.2","0.7",Uncorrected,Geo 7X (H-Star),2022/02/26,11:05:18am,Cycad,"184.053","8.3","5.1","0.000633","1663081.730","352803.345"
2022/02/26,"23","1",A,"345",,,,,,,,,,,,,,,"1.4","0.7",Uncorrected,Geo 7X (H-Star),2022/02/26,11:07:15am,Cycad,"184.930","12.2","7.9","0.001069","1663112.301","352771.874"
2022/02/26,"23","1",B,"348",,,,,,,,,,,,,,,"1.2","0.7",Uncorrected,Geo 7X (H-Star),2022/02/26,11:07:50am,Cycad,"187.013","11.1","6.7","0.000743","1663110.539","352773.391"
2022/02/26,"23","1",C,"350",,,,,,,,,,,,,,,"1.5","0.7",Uncorrected,Geo 7X (H-Star),2022/02/26,11:08:29am,Cycad,"185.500","10.5","6.7","0.001114","1663110.917","352778.027"
2022/02/26,"23","1",D,"351",,,,,,,,,,,,,,,"1.3","0.7",Uncorrected,Geo 7X (H-Star),2022/02/26,11:09:02am,Cycad,"188.293","11.1","6.4","0.000960","1663111.296","352779.341"
2022/02/26,"23","1",E,"354",,,,,,,,,,,,,,,"1.4","0.7",Uncorrected,Geo 7X (H-Star),2022/02/26,11:09:37am,Cycad,"184.202","9.1","6.0","0.006277","1663108.676","352791.959"
2022/02/26,"23","1",J,"352",,,,,,,,,,,,,,,"1.4","0.7",Uncorrected,Geo 7X (H-Star),2022/02/26,11:11:13am,Cycad,"183.091","7.4","4.9","0.000713","1663110.491","352799.117"
2022/02/26,"22","1",A,"335",,,,,,,,,,,,,,,"1.2","0.6",Uncorrected,Geo 7X (H-Star),2022/02/26,11:12:36am,Cycad,"182.879","6.9","5.0","0.000714","1663136.361","352788.190"
2022/02/26,"22","1",B,"340",,,,,,,,,,,,,,,"1.3","0.7",Uncorrected,Geo 7X (H-Star),2022/02/26,11:13:31am,Cycad,"182.539","8.1","4.9","0.001121","1663135.870","352791.334"
2022/02/26,"22","2",A,"330",,,,,,,,,,,,,,,"1.2","0.6",Uncorrected,Geo 7X (H-Star),2022/02/26,11:14:59am,Cycad,"182.573","8.2","5.1","0.000601","1663132.558","352790.895"
2022/02/26,"22","1",H,"362",,,,,,,,,,,,,,,"1.2","0.6",Uncorrected,Geo 7X (H-Star),2022/02/26,11:17:10am,Cycad,"179.655","6.3","3.5","0.000270","1663132.665","352808.965"
2022/02/26,"22","2",C,"331",,,,,,,,,,,,,,,"1.1","0.6",Uncorrected,Geo 7X (H-Star),2022/02/26,11:19:13am,Cycad,"180.312","7.5","4.5","0.000533","1663131.867","352793.109"
2022/02/26,"8","2",A,"402",,,,,,,,,,,,,,,"1.4","0.6",Uncorrected,Geo 7X (H-Star),2022/02/26,11:20:47am,Cycad,"187.273","11.6","6.9","0.003350","1663140.248","352763.623"
2022/02/26,"8","2",B,"329",,,,,,,,,,,,,,,"1.2","0.6",Uncorrected,Geo 7X (H-Star),2022/02/26,11:22:49am,Cycad,"187.721","8.9","6.7","0.000617","1663141.795","352765.526"
2022/02/26,"8","2",C,"401",,,,,,,,,,,,,,,"1.2","0.6",Uncorrected,Geo 7X (H-Star),2022/02/26,11:23:18am,Cycad,"185.598","9.2","6.1","0.000393","1663144.503","352765.929"
2022/02/26,"8","3",D,"403",,,,,,,,,,,,,,,"1.2","0.6",Uncorrected,Geo 7X (H-Star),2022/02/26,11:24:47am,Cycad,"187.162","9.2","5.9","0.000620","1663146.283","352771.592"
2022/02/26,"8","4",C,"405",,,,,,,,,,,,,,,"1.1","0.6",Uncorrected,Geo 7X (H-Star),2022/02/26,11:26:27am,Cycad,"184.368","8.5","5.6","0.001422","1663142.656","352776.142"
2022/02/26,"8","4",D,"334",,,,,,,,,,,,,,,"1.1","0.6",Uncorrected,Geo 7X (H-Star),2022/02/26,11:27:03am,Cycad,"184.036","8.6","5.5","0.000529","1663142.042","352774.294"
2022/02/26,"8","5",D,"404",,,,,,,,,,,,,,,"1.2","0.6",Uncorrected,Geo 7X (H-Star),2022/02/26,11:27:46am,Cycad,"184.370","7.5","4.7","0.000453","1663132.013","352778.135"
2022/02/26,"8","5",E,"336",,,,,,,,,,,,,,,"1.2","0.6",Uncorrected,Geo 7X (H-Star),2022/02/26,11:31:10am,Cycad,"182.433","8.8","5.4","0.000703","1663144.210","352780.818"
2022/02/26,"8","7",A,"360",,,,,,,,,,,,,,,"1.2","0.6",Uncorrected,Geo 7X (H-Star),2022/02/26,11:32:12am,Cycad,"180.470","9.4","5.4","0.000287","1663131.165","352780.006"
2022/02/26,"8","7",B,"358",,,,,,,,,,,,,,,"1.3","0.7",Uncorrected,Geo 7X (H-Star),2022/02/26,11:32:43am,Cycad,"181.281","8.4","5.2","0.001693","1663135.425","352781.169"
2022/02/26,"8","7",C,"410",,,,,,,,,,,,,,,"1.3","0.6",Uncorrected,Geo 7X (H-Star),2022/02/26,11:33:16am,Cycad,"180.959","7.4","4.8","0.000451","1663139.060","352781.040"
2022/02/26,"8","7",E,"409",,,,,,,,,,,,,,,"1.3","0.6",Uncorrected,Geo 7X (H-Star),2022/02/26,11:33:56am,Cycad,"179.871","7.7","4.3","0.000182","1663141.691","352784.925"
2022/02/26,"9","2",C,"416",,,,,,,,,,,,,,,"1.4","0.7",Uncorrected,Geo 7X (H-Star),2022/02/26,11:54:29am,Cycad,"184.451","9.7","5.6","0.001423","1663164.634","352773.766"
2022/02/26,"9","2",D,"418",,,,,,,,,,,,,,,"1.2","0.6",Uncorrected,Geo 7X (H-Star),2022/02/26,11:55:31am,Cycad,"187.087","9.1","5.1","0.002022","1663168.759","352773.677"
2022/02/26,"9","2",F,"408",,,,,,,,,,,,,,,"1.4","0.6",Uncorrected,Geo 7X (H-Star),2022/02/26,11:56:35am,Cycad,"186.210","9.3","5.5","0.002731","1663173.490","352775.648"
2022/02/26,"9","3",B,"420",,,,,,,,,,,,,,,"1.3","0.7",Uncorrected,Geo 7X (H-Star),2022/02/26,11:59:53am,Cycad,"184.661","8.4","6.0","0.000868","1663160.307","352773.309"
2022/02/26,"9","3",D,"417",,,,,,,,,,,,,,,"1.2","0.6",Uncorrected,Geo 7X (H-Star),2022/02/26,12:00:51pm,Cycad,"183.778","8.7","5.9","0.001212","1663167.488","352776.558"
2022/02/26,"9","3",F,"422",,,,,,,,,,,,,,,"1.4","0.7",Uncorrected,Geo 7X (H-Star),2022/02/26,12:01:24pm,Cycad,"185.086","9.0","5.5","0.000322","1663173.219","352778.435"
2022/02/26,"9","5",A,"455",,,,,,,,,,,,,,,"1.4","0.7",Uncorrected,Geo 7X (H-Star),2022/02/26,12:03:15pm,Cycad,"181.151","8.4","6.5","0.001132","1663155.523","352780.058"
2022/02/26,"9","5",B,"457",,,,,,,,,,,,,,,"1.4","0.7",Uncorrected,Geo 7X (H-Star),2022/02/26,12:03:59pm,Cycad,"185.313","9.8","6.7","0.000747","1663159.148","352780.551"
2022/02/26,"9","5",C,"447",,,,,,,,,,,,,,,"1.4","0.7",Uncorrected,Geo 7X (H-Star),2022/02/26,12:04:41pm,Cycad,"186.749","8.6","5.5","0.000636","1663161.306","352781.436"
2022/02/26,"9","5",E,"452",,,,,,,,,,,,,,,"1.3","0.7",Uncorrected,Geo 7X (H-Star),2022/02/26,12:05:37pm,Cycad,"183.677","10.4","5.6","0.000241","1663168.432","352782.460"
2022/02/26,"9","5",H,"470",,,,,,,,,,,,,,,"1.2","0.6",Uncorrected,Geo 7X (H-Star),2022/02/26,12:06:57pm,Cycad,"186.035","9.0","5.3","0.000402","1663177.183","352788.213"
2022/02/26,"9","5",I,"472",,,,,,,,,,,,,,,"1.3","0.6",Uncorrected,Geo 7X (H-Star),2022/02/26,12:08:12pm,Cycad,"181.525","9.3","5.6","0.000623","1663179.911","352788.422"
2022/02/26,"19","2",G,"469",,,,,,,,,,,,,,,"1.2","0.6",Uncorrected,Geo 7X (H-Star),2022/02/26,12:12:59pm,Cycad,"180.749","6.8","3.8","0.000421","1663207.038","352812.907"
2022/02/26,"18","2",B,"332",,,,,,,,,,,,,,,"1.0","0.5",Uncorrected,Geo 7X (H-Star),2022/02/26,12:18:36pm,Cycad,"182.246","7.4","4.3","0.001013","1663233.456","352802.962"
2022/02/26,"12","1",A,"444",,,,,,,,,,,,,,,"1.4","0.7",Uncorrected,Geo 7X (H-Star),2022/02/26,12:22:43pm,Cycad,"189.681","9.4","5.5","0.000750","1663238.905","352766.376"
2022/02/26,"12","6",A,"412",,,,,,,,,,,,,,,"1.3","0.6",Uncorrected,Geo 7X (H-Star),2022/02/26,12:25:10pm,Cycad,"184.049","11.3","6.2","0.000452","1663239.101","352781.381"
2022/02/26,"12","6",B,"426",,,,,,,,,,,,,,,"1.4","0.7",Uncorrected,Geo 7X (H-Star),2022/02/26,12:25:46pm,Cycad,"184.657","11.8","6.3","0.000658","1663243.418","352781.111"
2022/02/26,"12","6",H,"458",,,,,,,,,,,,,,,"1.2","0.6",Uncorrected,Geo 7X (H-Star),2022/02/26,12:26:58pm,Cycad,"183.723","11.7","6.0","0.000976","1663260.768","352779.800"
2022/02/26,"12","10",B,"456",,,,,,,,,,,,,,,"1.1","0.6",Uncorrected,Geo 7X (H-Star),2022/02/26,12:28:39pm,Cycad,"183.718","9.6","5.0","0.000434","1663243.937","352793.807"
2022/02/26,"12","10",H,"474",,,,,,,,,,,,,,,"1.0","0.6",Uncorrected,Geo 7X (H-Star),2022/02/26,12:29:33pm,Cycad,"181.910","8.6","4.5","0.000217","1663261.850","352789.487"
2022/02/26,"14","2",A,"471",,,,,,,,,,,,,,,"1.5","0.8",Uncorrected,Geo 7X (H-Star),2022/02/26,12:32:15pm,Cycad,"192.851","17.0","9.4","0.000751","1663313.458","352767.065"
2022/02/26,"14","2",B,"446",,,,,,,,,,,,,,,"1.3","0.7",Uncorrected,Geo 7X (H-Star),2022/02/26,12:33:39pm,Cycad,"190.587","13.5","8.6","0.000998","1663316.298","352770.393"
2022/02/26,"14","2",H,"491",,,,,,,,,,,,,,,"1.8","0.9",Uncorrected,Geo 7X (H-Star),2022/02/26,12:43:12pm,Cycad,"188.732","13.1","7.4","0.007699","1663320.948","352775.368"
2022/02/26,"14","2",I,"442",,,,,,,,,,,,,,,"1.3","0.6",Uncorrected,Geo 7X (H-Star),2022/02/26,12:52:15pm,Cycad,"188.633","11.9","5.9","0.001513","1663334.006","352775.766"
2022/02/26,"14","2",J,"498",,,,,,,,,,,,,,,"1.4","0.6",Uncorrected,Geo 7X (H-Star),2022/02/26,12:53:35pm,Cycad,"189.121","12.0","5.3","0.000601","1663335.443","352776.660"
2022/02/26,"14","2",K,"490",,,,,,,,,,,,,,,"1.4","0.6",Uncorrected,Geo 7X (H-Star),2022/02/26,12:54:10pm,Cycad,"188.955","12.6","6.3","0.001285","1663340.132","352778.220"
2022/02/26,"14","2",L,"492",,,,,,,,,,,,,,,"1.3","0.6",Uncorrected,Geo 7X (H-Star),2022/02/26,12:54:50pm,Cycad,"187.220","12.0","6.5","0.000937","1663342.413","352778.503"
2022/02/26,"14","2",M,"488",,,,,,,,,,,,,,,"1.3","0.6",Uncorrected,Geo 7X (H-Star),2022/02/26,12:55:24pm,Cycad,"187.939","11.6","5.7","0.002196","1663347.194","352779.807"
2022/02/26,"14","2",O,"495",,,,,,,,,,,,,,,"1.4","0.7",Uncorrected,Geo 7X (H-Star),2022/02/26,12:56:28pm,Cycad,"189.739","11.1","5.5","0.000430","1663350.395","352781.492"
2022/02/26,"14","5",A,"459",,,,,,,,,,,,,,,"1.4","0.7",Uncorrected,Geo 7X (H-Star),2022/02/26,12:58:58pm,Cycad,"183.239","11.6","6.2","0.000553","1663310.381","352777.603"
2022/02/26,"14","5",C,"279",,,,,,,,,,,,,,,"1.5","0.7",Uncorrected,Geo 7X (H-Star),2022/02/26,01:01:07pm,Cycad,"184.194","11.4","5.7","0.001627","1663315.076","352777.720"
2022/02/26,"14","5",D,"451",,,,,,,,,,,,,,,"1.7","0.7",Uncorrected,Geo 7X (H-Star),2022/02/26,01:01:50pm,Cycad,"180.465","15.6","7.8","0.001979","1663318.933","352779.400"
2022/02/26,"14","5",E,"424",,,,,,,,,,,,,,,"1.6","0.8",Uncorrected,Geo 7X (H-Star),2022/02/26,01:02:32pm,Cycad,"180.682","12.3","6.9","0.001724","1663323.475","352780.226"
2022/02/26,"14","5",F,"273",,,,,,,,,,,,,,,"1.6","0.7",Uncorrected,Geo 7X (H-Star),2022/02/26,01:03:22pm,Cycad,"185.274","12.7","6.2","0.003620","1663327.101","352782.334"
2022/02/26,"14","5",H,"269",,,,,,,,,,,,,,,"1.4","0.6",Uncorrected,Geo 7X (H-Star),2022/02/26,01:05:50pm,Cycad,"187.550","11.8","5.8","0.000508","1663330.845","352784.717"
2022/02/26,"14","5",I,"262",,,,,,,,,,,,,,,"1.5","0.7",Uncorrected,Geo 7X (H-Star),2022/02/26,01:07:28pm,Cycad,"183.182","10.1","4.6","0.000382","1663333.138","352783.754"
2022/02/26,"14","5",J,"265",,,,,,,,,,,,,,,"1.5","0.7",Uncorrected,Geo 7X (H-Star),2022/02/26,01:08:02pm,Cycad,"183.533","9.7","4.3","0.000174","1663335.702","352785.175"
2022/02/26,"14","5",K,"264",,,,,,,,,,,,,,,"1.3","0.6",Uncorrected,Geo 7X (H-Star),2022/02/26,01:08:42pm,Cycad,"185.818","10.3","4.9","0.001885","1663337.545","352786.170"
2022/02/26,"14","5",L,"263",,,,,,,,,,,,,,,"1.3","0.6",Uncorrected,Geo 7X (H-Star),2022/02/26,01:13:57pm,Cycad,"185.160","11.5","5.3","0.000456","1663341.419","352787.246"
2022/02/26,"14","5",M,"250",,,,,,,,,,,,,,,"1.6","0.7",Uncorrected,Geo 7X (H-Star),2022/02/26,01:14:58pm,Cycad,"186.436","12.7","5.6","0.001071","1663345.965","352786.260"
2022/02/26,"14","5",N,"246",,,,,,,,,,,,,,,"1.3","0.7",Uncorrected,Geo 7X (H-Star),2022/02/26,01:15:50pm,Cycad,"187.297","12.0","5.8","0.000284","1663348.420","352787.314"
2022/02/26,"14","2",A,"485",,,,,,,,,,,,,,,"1.3","0.6",Uncorrected,Geo 7X (H-Star),2022/02/26,01:17:15pm,Cycad,"190.234","13.1","5.9","0.000700","1663353.484","352781.779"
2022/02/26,"14","2",B,"628",,,,,,,,,,,,,,,"1.3","0.7",Uncorrected,Geo 7X (H-Star),2022/02/26,01:34:11pm,Cycad,"194.664","11.6","5.6","0.000514","1663357.467","352782.042"
2022/02/26,"14","2",C,"627",,,,,,,,,,,,,,,"1.4","0.7",Uncorrected,Geo 7X (H-Star),2022/02/26,01:35:10pm,Cycad,"192.849","9.4","4.7","0.000381","1663359.920","352784.552"
2022/02/26,"14","2",D,"629",,,,,,,,,,,,,,,"1.4","0.7",Uncorrected,Geo 7X (H-Star),2022/02/26,01:36:47pm,Cycad,"192.004","10.9","6.4","0.000283","1663362.190","352786.176"
2022/02/26,"14","2",E,"626",,,,,,,,,,,,,,,"1.4","0.8",Uncorrected,Geo 7X (H-Star),2022/02/26,01:37:56pm,Cycad,"188.971","11.4","5.7","0.000775","1663364.724","352786.212"
2022/02/26,"14","2",F,"643",,,,,,,,,,,,,,,"1.7","0.9",Uncorrected,Geo 7X (H-Star),2022/02/26,02:01:46pm,Cycad,"191.477","9.3","5.4","0.000472","1663367.635","352789.110"
2022/02/26,"14","2",H,"631",,,,,,,,,,,,,,,"1.5","0.8",Uncorrected,Geo 7X (H-Star),2022/02/26,02:02:26pm,Cycad,"189.905","8.4","5.0","0.000309","1663371.559","352791.552"
2022/02/26,"14","2",I,"644",,,,,,,,,,,,,,,"1.6","0.9",Uncorrected,Geo 7X (H-Star),2022/02/26,02:02:57pm,Cycad,"188.946","9.3","5.1","0.000146","1663374.044","352793.413"
2022/02/26,"14","2",J,"633",,,,,,,,,,,,,,,"1.4","0.7",Uncorrected,Geo 7X (H-Star),2022/02/26,02:03:36pm,Cycad,"186.724","9.4","5.1","0.000490","1663377.866","352793.481"
2022/02/26,"14","2",K,"622",,,,,,,,,,,,,,,"1.4","0.7",Uncorrected,Geo 7X (H-Star),2022/02/26,02:04:39pm,Cycad,"188.797","9.3","5.2","0.000497","1663380.898","352793.197"
2022/02/26,"14","2",L,"646",,,,,,,,,,,,,,,"1.5","0.9",Uncorrected,Geo 7X (H-Star),2022/02/26,02:05:24pm,Cycad,"188.803","9.0","6.4","0.000365","1663384.575","352794.867"
2022/02/26,"14","2",M,"634",,,,,,,,,,,,,,,"1.7","1.0",Uncorrected,Geo 7X (H-Star),2022/02/26,02:06:17pm,Cycad,"189.488","9.7","5.7","0.000264","1663386.564","352795.470"
2022/02/26,"14","2",N,"677",,,,,,,,,,,,,,,"1.3","0.7",Uncorrected,Geo 7X (H-Star),2022/02/26,02:20:05pm,Cycad,"188.239","9.8","5.7","0.000366","1663389.267","352796.849"
2022/02/26,"14","2",O,"676",,,,,,,,,,,,,,,"1.3","0.7",Uncorrected,Geo 7X (H-Star),2022/02/26,02:20:30pm,Cycad,"195.540","9.3","5.5","0.001070","1663393.134","352798.419"
2022/02/26,"14","2",P,"673",,,,,,,,,,,,,,,"1.3","0.7",Uncorrected,Geo 7X (H-Star),2022/02/26,02:21:03pm,Cycad,"193.400","8.8","6.1","0.000882","1663392.427","352799.309"
2022/02/26,"15","6",A,"688",,,,,,,,,,,,,,,"1.3","0.7",Uncorrected,Geo 7X (H-Star),2022/02/26,02:24:47pm,Cycad,"186.558","8.2","4.8","0.000824","1663397.805","352834.358"
2022/02/26,"15","6",B,"675",,,,,,,,,,,,,,,"1.3","0.7",Uncorrected,Geo 7X (H-Star),2022/02/26,02:25:17pm,Cycad,"188.847","10.4","6.0","0.000385","1663401.939","352835.108"
2022/02/26,"15","6",C,"686",,,,,,,,,,,,,,,"1.4","0.8",Uncorrected,Geo 7X (H-Star),2022/02/26,02:25:53pm,Cycad,"185.654","10.3","6.9","0.001332","1663404.025","352838.667"
2022/02/26,"15","6",D,"671",,,,,,,,,,,,,,,"1.3","0.7",Uncorrected,Geo 7X (H-Star),2022/02/26,02:26:53pm,Cycad,"185.681","11.4","8.0","0.000512","1663403.819","352839.690"
2022/02/26,"15","6",E,"670",,,,,,,,,,,,,,,"1.2","0.7",Uncorrected,Geo 7X (H-Star),2022/02/26,02:27:39pm,Cycad,"185.582","11.3","8.4","0.000807","1663405.868","352841.478"
2022/02/26,"15","6",F,"652",,,,,,,,,,,,,,,"1.4","0.7",Uncorrected,Geo 7X (H-Star),2022/02/26,02:28:24pm,Cycad,"188.077","9.1","6.2","0.000612","1663408.772","352844.831"
2022/02/26,"15","6",G,"667",,,,,,,,,,,,,,,"1.4","0.7",Uncorrected,Geo 7X (H-Star),2022/02/26,02:28:51pm,Cycad,"186.791","8.4","6.9","0.000575","1663412.614","352847.290"
2022/02/26,"15","6",H,"649",,,,,,,,,,,,,,,"1.3","0.7",Uncorrected,Geo 7X (H-Star),2022/02/26,02:29:22pm,Cycad,"185.813","12.0","7.7","0.000541","1663414.193","352848.318"
2022/02/26,"15","6",I,"669",,,,,,,,,,,,,,,"1.3","0.7",Uncorrected,Geo 7X (H-Star),2022/02/26,02:30:00pm,Cycad,"187.196","9.0","5.0","0.000187","1663416.294","352852.133"
2022/02/26,"15","6",J,"648",,,,,,,,,,,,,,,"1.3","0.7",Uncorrected,Geo 7X (H-Star),2022/02/26,02:30:29pm,Cycad,"186.385","9.6","5.0","0.000524","1663417.371","352852.830"
2022/02/26,"15","6",K,"650",,,,,,,,,,,,,,,"1.2","0.6",Uncorrected,Geo 7X (H-Star),2022/02/26,02:31:13pm,Cycad,"185.542","9.3","4.8","0.000249","1663419.677","352854.858"
2022/02/26,"15","6",L,"672",,,,,,,,,,,,,,,"1.2","0.6",Uncorrected,Geo 7X (H-Star),2022/02/26,02:32:04pm,Cycad,"183.340","7.9","4.7","0.000470","1663422.198","352856.367"
2022/02/26,"15","6",M,"653",,,,,,,,,,,,,,,"1.4","0.7",Uncorrected,Geo 7X (H-Star),2022/02/26,02:32:44pm,Cycad,"183.320","10.5","5.5","0.000280","1663424.661","352857.534"
2022/02/26,"15","6",N,"655",,,,,,,,,,,,,,,"1.2","0.6",Uncorrected,Geo 7X (H-Star),2022/02/26,02:33:33pm,Cycad,"183.947","8.6","5.1","0.000278","1663427.722","352860.855"
2022/02/26,"15","5",A,"657",,,,,,,,,,,,,,,"1.3","0.7",Uncorrected,Geo 7X (H-Star),2022/02/26,02:34:57pm,Cycad,"185.513","8.9","6.0","0.000397","1663401.344","352832.461"
2022/02/26,"15","5",C,"692",,,,,,,,,,,,,,,"1.2","0.7",Uncorrected,Geo 7X (H-Star),2022/02/26,02:35:31pm,Cycad,"184.694","8.4","5.7","0.000409","1663403.730","352835.790"
2022/02/26,"15","5",D,"668",,,,,,,,,,,,,,,"1.2","0.6",Uncorrected,Geo 7X (H-Star),2022/02/26,02:36:12pm,Cycad,"186.084","8.1","4.8","0.000268","1663408.194","352837.870"
2022/02/26,"15","5",E,"691",,,,,,,,,,,,,,,"1.2","0.7",Uncorrected,Geo 7X (H-Star),2022/02/26,02:36:53pm,Cycad,"187.360","9.2","6.9","0.000829","1663409.282","352840.829"
2022/02/26,"15","5",H,"674",,,,,,,,,,,,,,,"1.2","0.7",Uncorrected,Geo 7X (H-Star),2022/02/26,02:37:46pm,Cycad,"186.476","10.3","7.3","0.000245","1663415.557","352846.463"
2022/02/26,"15","5",I,"647",,,,,,,,,,,,,,,"1.2","0.7",Uncorrected,Geo 7X (H-Star),2022/02/26,02:38:18pm,Cycad,"188.747","13.2","7.4","0.000448","1663419.188","352849.978"
2022/02/26,"15","5",J,"687",,,,,,,,,,,,,,,"1.2","0.7",Uncorrected,Geo 7X (H-Star),2022/02/26,02:39:03pm,Cycad,"186.632","8.7","5.1","0.000170","1663418.124","352850.707"
2022/02/26,"15","5",M,"690",,,,,,,,,,,,,,,"1.2","0.7",Uncorrected,Geo 7X (H-Star),2022/02/26,02:39:55pm,Cycad,"185.135","11.1","7.4","0.000968","1663427.609","352857.124"
2022/02/26,"15","5",N,"693",,,,,,,,,,,,,,,"1.2","0.7",Uncorrected,Geo 7X (H-Star),2022/02/26,02:41:05pm,Cycad,"187.829","8.8","5.5","0.000186","1663432.637","352858.699"
2022/02/24,"1","1",A,,,,,,0=DEAD/MISSING,,,,,,,,,,"1.8","0.9",Uncorrected,Geo 7X (H-Star),2022/02/24,02:20:46pm,Cycad,"186.237","23.9","14.7","0.002366","1662931.410","352631.631"
2022/02/24,"1","1",B,"068","4.00","43.00","1.80","6.00",2=MOD,Unknown,"0","1",1=sparse,No,No,No,No,,"2.4","1.4",Uncorrected,Geo 7X (H-Star),2022/02/24,02:21:30pm,Cycad,"193.553","18.8","11.5","0.001596","1662933.231","352635.981"
2022/02/24,"1","1",C,"081","6.00","43.00","1.70","6.00",2=MOD,Unknown,"0","1",1=sparse,No,No,No,No,,"2.2","1.2",Uncorrected,Geo 7X (H-Star),2022/02/24,02:25:18pm,Cycad,"189.104","18.1","9.4","0.001400","1662936.463","352636.329"
2022/02/24,"1","1",D,,,,,,0=DEAD/MISSING,,,,,,,,,,"1.7","0.9",Uncorrected,Geo 7X (H-Star),2022/02/24,02:27:25pm,Cycad,"189.233","20.1","13.4","0.000400","1662940.541","352637.799"
2022/02/24,"1","1",E,,,,,,0=DEAD/MISSING,,,,,,,,,,"1.6","0.9",Uncorrected,Geo 7X (H-Star),2022/02/24,02:28:22pm,Cycad,"187.676","11.5","6.8","0.000417","1662944.528","352640.834"
2022/02/24,"1","1",F,,,,,,0=DEAD/MISSING,,,,,,,,,,"1.6","0.8",Uncorrected,Geo 7X (H-Star),2022/02/24,02:28:41pm,Cycad,"188.716","15.1","7.8","0.000551","1662947.572","352642.225"
2022/02/24,"1","1",G,,,,,,0=DEAD/MISSING,,,,,,,,,,"1.6","0.8",Uncorrected,Geo 7X (H-Star),2022/02/24,02:29:18pm,Cycad,"190.306","14.9","7.4","0.000301","1662949.382","352644.205"
2022/02/24,"1","4",A,"080","26.00","63.00","5.20","46.00",2=MOD,Unknown,"0","1",3=heavy,Yes,No,No,No,,"1.5","0.8",Uncorrected,Geo 7X (H-Star),2022/02/24,02:30:25pm,Cycad,"187.551","9.8","6.1","0.001163","1662928.615","352641.736"
2022/02/24,"1","4",B,"98","15.00","7.00","3.10","0.00",1=POOR,Unknown,"0","1",3=heavy,Yes,No,No,Yes,"majority dead leaves, only new growth alive","1.5","1.0",Uncorrected,Geo 7X (H-Star),2022/02/24,02:34:14pm,Cycad,"186.995","8.7","6.4","0.000993","1662930.941","352642.394"
2022/02/24,"1","4",C,"099","5.00","35.00","2.10","4.00",1=POOR,Unknown,"0","1",2=moderate,Yes,No,No,No,,"3.2","1.4",Uncorrected,Geo 7X (H-Star),2022/02/24,02:38:25pm,Cycad,"186.803","11.2","6.9","0.001628","1662932.934","352644.213"
2022/02/24,"1","4",D,"0100","5.00","50.50","2.40","9.00",2=MOD,Unknown,"0","1",1=sparse,Yes,No,No,No,,"1.8","1.0",Uncorrected,Geo 7X (H-Star),2022/02/24,02:40:53pm,Cycad,"187.403","13.9","7.9","0.000999","1662935.820","352645.179"
2022/02/24,"1","4",E,,,,,,0=DEAD/MISSING,,,,,,,,,,"1.5","0.8",Uncorrected,Geo 7X (H-Star),2022/02/24,02:42:51pm,Cycad,"193.132","17.6","9.6","0.000601","1662941.089","352646.531"
2022/02/24,"1","4",F,"096","9.00","56.00","2.70","11.00",3=HEALTHY,Unknown,"0","1",0=none,No,No,No,No,,"3.0","1.7",Uncorrected,Geo 7X (H-Star),2022/02/24,02:43:26pm,Cycad,"192.462","16.2","9.5","0.001725","1662943.250","352646.800"
2022/02/24,"1","4",G,"097","3.50","39.00","2.00","5.00",2=MOD,Unknown,"0","1",1=sparse,Yes,No,No,No,,"1.9","1.2",Uncorrected,Geo 7X (H-Star),2022/02/24,02:45:16pm,Cycad,"190.307","16.6","8.9","0.001008","1662945.828","352647.411"
2022/02/24,"1","5",G,"057","1.00","30.00","1.00","1.00",2=MOD,Unknown,"0","1",0=none,No,No,No,No,,"2.3","1.1",Uncorrected,Geo 7X (H-Star),2022/02/24,02:47:46pm,Cycad,"188.376","11.3","8.1","0.002429","1662944.119","352652.040"
2022/02/24,"1","5",F,,,,,,0=DEAD/MISSING,,,,,,,,,,"1.3","0.8",Uncorrected,Geo 7X (H-Star),2022/02/24,02:49:40pm,Cycad,"189.729","9.8","6.7","0.000719","1662940.307","352647.042"
2022/02/24,"1","5",E,,,,,,0=DEAD/MISSING,,,,,,,,,,"1.3","0.8",Uncorrected,Geo 7X (H-Star),2022/02/24,02:50:01pm,Cycad,"191.621","11.6","8.6","0.000365","1662936.471","352645.968"
2022/02/24,"1","5",D,"055","12.50","53.00","3.00","23.00",3=HEALTHY,Unknown,"0","1",1=sparse,No,No,No,Yes,,"4.1","1.8",Uncorrected,Geo 7X (H-Star),2022/02/24,02:53:27pm,Cycad,"188.140","9.6","6.9","0.001954","1662937.439","352647.742"
2022/02/24,"2","2",A,"056","7.50","57.00","3.30","16.00",3=HEALTHY,Unknown,"0","1",0=none,Yes,No,No,Yes,,"3.9","1.9",Uncorrected,Geo 7X (H-Star),2022/02/24,03:03:53pm,Cycad,"191.291","16.4","7.6","0.001027","1662953.965","352652.818"
2022/02/24,"2","2",B,"062","3.20","28.00","1.80","5.00",2=MOD,Unknown,"0","1",0=none,Yes,No,Yes,Yes,,"3.3","1.7",Uncorrected,Geo 7X (H-Star),2022/02/24,03:07:48pm,Cycad,"192.738","14.5","8.6","0.001703","1662956.707","352654.810"
2022/02/24,"2","2",C,,,,,,0=DEAD/MISSING,,,,,,,,,,"1.3","0.7",Uncorrected,Geo 7X (H-Star),2022/02/24,03:09:56pm,Cycad,"192.904","9.7","5.3","0.000286","1662959.738","352655.326"
2022/02/24,"2","2",D,"058","6.00","37.00","1.60","4.00",1=POOR,Unknown,"0","1",1=sparse,Yes,No,No,Yes,,"4.3","2.6",Uncorrected,Geo 7X (H-Star),2022/02/24,03:10:21pm,Cycad,"189.870","10.7","6.4","0.001178","1662962.984","352654.539"
2022/02/24,"2","2",E,,,,,,0=DEAD/MISSING,,,,,,,,,,"1.6","0.8",Uncorrected,Geo 7X (H-Star),2022/02/24,03:13:29pm,Cycad,"190.414","11.7","7.0","0.001256","1662965.308","352656.608"
2022/02/24,"2","2",F,"057","10.00","48.00","2.70","0.00",1=POOR,Unknown,"0","1",3=heavy,No,No,No,No,all leaves dead,"1.8","0.9",Uncorrected,Geo 7X (H-Star),2022/02/24,03:14:25pm,Cycad,"190.397","11.6","6.1","0.000797","1662968.282","352655.300"
2022/02/24,"2","2",G,"052","1.00","26.00","1.00","1.00",1=POOR,Unknown,"0","1",2=moderate,Yes,No,No,Yes,,"1.4","0.8",Uncorrected,Geo 7X (H-Star),2022/02/24,03:17:55pm,Cycad,"189.174","13.0","7.3","0.001116","1662971.516","352657.990"
2022/02/24,"2","2",H,"095","1.00","21.00","1.00","3.00",2=MOD,Unknown,"0","1",1=sparse,Yes,No,No,No,,"5.6","2.3",Uncorrected,Geo 7X (H-Star),2022/02/24,03:19:20pm,Cycad,"191.904","15.8","8.8","0.003523","1662974.521","352659.192"
2022/02/24,"2","2",I,"051","3.50","40.00","1.60","4.00",2=MOD,Unknown,"0","1",1=sparse,Yes,No,No,Yes,,"3.6","1.9",Uncorrected,Geo 7X (H-Star),2022/02/24,03:24:05pm,Cycad,"193.667","14.3","6.6","0.001453","1662977.615","352659.805"
2022/02/24,"2","2",J,"094","9.00","52.00","3.50","12.00",2=MOD,Unknown,"0","1",2=moderate,Yes,No,No,No,,"2.0","1.1",Uncorrected,Geo 7X (H-Star),2022/02/24,03:25:31pm,Cycad,"191.557","14.8","7.9","0.001179","1662980.388","352660.134"
2022/02/24,"2","2",K,"053","8.50","46.50","1.90","6.00",2=MOD,Unknown,"0","1",0=none,Yes,No,No,No,,"5.0","1.4",Uncorrected,Geo 7X (H-Star),2022/02/24,03:28:58pm,Cycad,"191.468","13.7","7.0","0.001594","1662983.172","352661.187"
2022/02/24,"2","2",L,,,,,,0=DEAD/MISSING,,,,,,,,,,"1.3","0.7",Uncorrected,Geo 7X (H-Star),2022/02/24,03:31:31pm,Cycad,"190.301","11.0","6.4","0.000312","1662984.933","352663.247"
2022/02/24,"2","4",A,"054","33.00","59.00","7.20","66.00",3=HEALTHY,Unknown,"0","1",1=sparse,No,No,No,No,,"10.4","2.4",Uncorrected,Geo 7X (H-Star),2022/02/24,03:33:28pm,Cycad,"192.038","13.6","6.1","0.001189","1662952.857","352660.053"
2022/02/24,"2","4",B,"063","30.00","66.50","7.10","62.00",3=HEALTHY,Unknown,"0","2",1=sparse,Yes,No,No,No,,"2.2","0.9",Uncorrected,Geo 7X (H-Star),2022/02/24,03:36:50pm,Cycad,"191.920","12.9","5.5","0.000831","1662955.415","352659.511"
2022/02/24,"2","4",C,"064","23.50","59.50","5.20","12.00",1=POOR,Unknown,"0","1",3=heavy,Yes,No,No,Yes,,"2.5","0.8",Uncorrected,Geo 7X (H-Star),2022/02/24,03:39:20pm,Cycad,"188.650","11.7","5.3","0.000775","1662958.276","352659.627"
2022/02/24,"2","4",D,"065","12.50","56.50","4.10","10.00",1=POOR,Unknown,"0","1",3=heavy,Yes,No,No,Yes,,"1.5","0.7",Uncorrected,Geo 7X (H-Star),2022/02/24,03:41:40pm,Cycad,"186.615","9.9","5.0","0.000536","1662960.336","352660.553"
2022/02/24,"2","4",E,"079","11.50","57.50","3.50","11.00",1=POOR,Unknown,"0","1",3=heavy,Yes,No,No,Yes,,"1.5","0.7",Uncorrected,Geo 7X (H-Star),2022/02/24,03:43:55pm,Cycad,"186.329","11.0","5.7","0.000584","1662963.176","352660.616"
2022/02/24,"2","4",F,"069","6.50","0.00","1.70","0.00",1=POOR,Unknown,"0","1",2=moderate,No,No,No,No,,"3.6","1.0",Uncorrected,Geo 7X (H-Star),2022/02/24,03:45:49pm,Cycad,"185.870","11.7","6.1","0.001580","1662966.140","352662.127"
2022/02/24,"2","4",G,"085","5.50","40.50","1.90","0.00",1=POOR,Unknown,"0","1",3=heavy,No,No,No,No,all leaves almost dead,"2.2","1.2",Uncorrected,Geo 7X (H-Star),2022/02/24,03:48:33pm,Cycad,"189.931","13.3","6.7","0.001216","1662970.921","352662.651"
2022/02/24,"2","4",H,"087","1.00","34.50","1.00","5.00",2=MOD,Unknown,"0","1",1=sparse,Yes,No,No,No,,"2.0","1.0",Uncorrected,Geo 7X (H-Star),2022/02/24,03:52:16pm,Cycad,"192.908","12.0","6.7","0.001153","1662975.058","352664.942"
2022/02/24,"2","4",I,,,,,,0=DEAD/MISSING,,,,,,,,,,"1.5","0.7",Uncorrected,Geo 7X (H-Star),2022/02/24,03:54:34pm,Cycad,"187.715","10.6","6.3","0.000680","1662975.567","352664.659"
2022/02/24,"2","4",J,"071","18.00","56.00","4.20","16.00",2=MOD,Unknown,"0","1",3=heavy,Yes,No,No,Yes,,"1.4","0.6",Uncorrected,Geo 7X (H-Star),2022/02/24,03:55:05pm,Cycad,"188.224","10.2","4.9","0.000607","1662979.612","352664.564"
2022/02/24,"2","4",K,"088","13.50","52.00","4.30","15.00",2=MOD,Unknown,"0","1",2=moderate,No,No,No,No,,"2.4","1.0",Uncorrected,Geo 7X (H-Star),2022/02/24,03:57:47pm,Cycad,"191.000","13.3","6.4","0.001431","1662981.466","352666.875"
2022/02/24,"2","4",L,,,,,,0=DEAD/MISSING,,,,,,,,,,"1.5","0.7",Uncorrected,Geo 7X (H-Star),2022/02/24,03:59:49pm,Cycad,"190.662","14.0","6.4","0.000919","1662985.519","352668.056"
2022/02/24,"2","5",L,,,,,,0=DEAD/MISSING,,,,,,,,,,"1.6","0.8",Uncorrected,Geo 7X (H-Star),2022/02/24,04:00:23pm,Cycad,"189.656","13.6","6.9","0.000880","1662980.643","352670.300"
2022/02/24,"2","5",K,,,,,,0=DEAD/MISSING,,,,,,,,,,"1.4","0.7",Uncorrected,Geo 7X (H-Star),2022/02/24,04:00:52pm,Cycad,"186.594","11.2","6.0","0.000639","1662978.556","352668.122"
2022/02/24,"2","5",J,"073","1.00","25.00","1.00","3.00",2=MOD,Unknown,"0","1",1=sparse,No,No,No,No,,"1.4","0.7",Uncorrected,Geo 7X (H-Star),2022/02/24,04:01:34pm,Cycad,"184.713","9.9","5.5","0.000467","1662976.843","352667.812"
2022/02/24,"2","5",I,,,,,,0=DEAD/MISSING,,,,,,,,,,"1.4","0.7",Uncorrected,Geo 7X (H-Star),2022/02/24,04:02:41pm,Cycad,"186.869","10.1","4.8","0.000232","1662975.632","352666.989"
2022/02/24,"2","5",H,,,,,,0=DEAD/MISSING,,,,,,,,,,"1.4","0.7",Uncorrected,Geo 7X (H-Star),2022/02/24,04:03:06pm,Cycad,"186.903","10.2","6.0","0.000176","1662971.290","352667.383"
2022/02/24,"2","5",G,,,,,,0=DEAD/MISSING,,,,,,,,,,"1.6","0.7",Uncorrected,Geo 7X (H-Star),2022/02/24,04:03:32pm,Cycad,"186.929","12.3","6.4","0.000586","1662968.064","352665.812"
2022/02/24,"2","5",F,"072","5.50","18.50","1.40","0.00",1=POOR,Unknown,"0","1",2=moderate,No,Yes,No,No,,"8.8","2.6",Uncorrected,Geo 7X (H-Star),2022/02/24,04:04:07pm,Cycad,"188.736","14.6","6.8","0.003198","1662966.245","352666.615"
2022/02/24,"2","5",E,"092","8.50","56.50","3.30","7.00",1=POOR,Unknown,"0","1",3=heavy,Yes,No,No,Yes,,"4.7","1.5",Uncorrected,Geo 7X (H-Star),2022/02/24,04:06:22pm,Cycad,"186.703","11.4","6.8","0.001572","1662962.444","352665.299"
2022/02/25,"3","2",A,"083","1.50","37.00","2.00","5.00",2=MOD,Unknown,"0","1",1=sparse,No,No,No,Yes,,"3.5","1.9",Uncorrected,Geo 7X (H-Star),2022/02/25,11:08:05am,Cycad,"187.982","20.6","9.6","0.000603","1662986.089","352673.595"
2022/02/25,"3","2",B,,,,,,0=DEAD/MISSING,,,,,,,,,,"9.8","4.1",Uncorrected,Geo 7X (H-Star),2022/02/25,11:11:28am,Cycad,"187.976","23.0","10.2","0.003046","1662990.244","352676.103"
2022/02/25,"3","2",C,"084","2.00","30.00","1.00","3.00",2=MOD,Unknown,"0","1",1=sparse,No,No,Yes,No,,"3.7","1.5",Uncorrected,Geo 7X (H-Star),2022/02/25,11:12:44am,Cycad,"189.027","18.2","8.4","0.000936","1662990.621","352677.560"
2022/02/25,"3","2",D,"082","6.00","45.00","3.00","6.00",2=MOD,Unknown,"0","1",1=sparse,No,No,Yes,No,,"3.0","1.6",Uncorrected,Geo 7X (H-Star),2022/02/25,11:15:14am,Cycad,"188.314","15.3","8.3","0.000943","1662992.377","352678.409"
2022/02/25,"3","2",E,"093","4.00","23.00","1.30","2.00",2=MOD,Unknown,"0","1",1=sparse,No,No,Yes,No,,"2.6","1.3",Uncorrected,Geo 7X (H-Star),2022/02/25,11:18:23am,Cycad,"186.509","12.5","6.5","0.001243","1662994.915","352680.167"
2022/02/25,"3","2",F,"091","5.00","24.00","1.50","3.00",2=MOD,Unknown,"0","1",1=sparse,No,No,Yes,No,,"2.1","1.1",Uncorrected,Geo 7X (H-Star),2022/02/25,11:22:04am,Cycad,"182.231","11.5","6.2","0.001004","1662998.205","352683.341"
2022/02/25,"3","2",G,"090","6.00","28.00","1.60","5.00",2=MOD,Unknown,"0","1",1=sparse,Yes,No,Yes,No,,"2.0","0.9",Uncorrected,Geo 7X (H-Star),2022/02/25,11:24:10am,Cycad,"182.993","11.5","6.7","0.001235","1662998.026","352684.302"
2022/02/25,"3","2",H,"074","5.50","9.00","1.50","1.00",1=POOR,Unknown,"0","1",0=none,No,No,Yes,No,,"1.7","0.8",Uncorrected,Geo 7X (H-Star),2022/02/25,11:26:59am,Cycad,"183.058","11.3","6.0","0.000478","1663002.132","352686.292"
2022/02/25,"3","2",I,,,,,,0=DEAD/MISSING,,,,,,,,,,"1.8","0.9",Uncorrected,Geo 7X (H-Star),2022/02/25,11:29:04am,Cycad,"181.383","9.6","5.9","0.000307","1663004.034","352687.418"
2022/02/25,"3","2",J,,,,,,0=DEAD/MISSING,,,,,,,,,,"1.5","0.8",Uncorrected,Geo 7X (H-Star),2022/02/25,11:29:33am,Cycad,"182.006","9.6","5.5","0.000405","1663004.153","352689.230"
2022/02/25,"3","4",A,"075","6.50","38.50","2.00","3.00",2=MOD,Unknown,"0","1",1=sparse,Yes,No,Yes,No,,"3.3","1.5",Uncorrected,Geo 7X (H-Star),2022/02/25,11:30:42am,Cycad,"178.441","10.5","7.0","0.002433","1662982.161","352679.936"
2022/02/25,"3","4",B,"076","1.00","18.00","1.00","1.00",2=MOD,Unknown,"0","1",1=sparse,Yes,No,Yes,No,,"1.6","0.8",Uncorrected,Geo 7X (H-Star),2022/02/25,11:33:28am,Cycad,"181.210","13.0","7.8","0.002395","1662984.757","352679.780"
2022/02/25,"3","4",C,,,,,,0=DEAD/MISSING,,,,,,,,,,"2.4","1.2",Uncorrected,Geo 7X (H-Star),2022/02/25,11:35:51am,Cycad,"183.508","12.7","9.2","0.001414","1662987.739","352681.497"
2022/02/25,"3","4",D,,,,,,0=DEAD/MISSING,,,,,,,,,,"1.6","0.9",Uncorrected,Geo 7X (H-Star),2022/02/25,11:36:26am,Cycad,"182.903","19.0","9.0","0.000519","1662989.726","352684.450"
2022/02/25,"3","4",E,,,,,,0=DEAD/MISSING,,,,,,,,,,"1.5","0.8",Uncorrected,Geo 7X (H-Star),2022/02/25,11:36:52am,Cycad,"181.926","12.0","6.9","0.000279","1662992.309","352686.495"
2022/02/25,"3","4",F,"060","2.00","21.00","1.00","3.00",2=MOD,Unknown,"0","1",1=sparse,Yes,No,Yes,No,,"4.3","2.6",Uncorrected,Geo 7X (H-Star),2022/02/25,11:37:36am,Cycad,"183.575","12.8","7.7","0.001985","1662994.992","352688.619"
2022/02/25,"3","4",G,"061","5.00","33.00","1.00","3.00",2=MOD,Unknown,"0","1",1=sparse,No,No,Yes,No,,"1.5","0.8",Uncorrected,Geo 7X (H-Star),2022/02/25,11:54:35am,Cycad,"178.559","11.9","6.3","0.000902","1662997.562","352689.818"
2022/02/25,"3","4",H,,,,,,0=DEAD/MISSING,,,,,,,,,,"1.5","0.8",Uncorrected,Geo 7X (H-Star),2022/02/25,11:56:10am,Cycad,"184.121","12.5","5.9","0.000377","1663002.425","352691.504"
2022/02/25,"3","4",I,,,,,,0=DEAD/MISSING,,,,,,,,,,"2.2","1.1",Uncorrected,Geo 7X (H-Star),2022/02/25,11:56:39am,Cycad,"180.584","17.1","7.9","0.001246","1663004.948","352692.059"
2022/02/25,"3","4",J,,,,,,0=DEAD/MISSING,,,,,,,,,,"1.3","0.7",Uncorrected,Geo 7X (H-Star),2022/02/25,11:57:27am,Cycad,"181.900","9.2","6.8","0.000444","1663007.408","352693.104"
2022/02/25,"3","6",A,"077","7.00","35.00","1.40","3.00",2=MOD,Unknown,"0","1",1=sparse,Yes,No,Yes,No,,"1.6","0.9",Uncorrected,Geo 7X (H-Star),2022/02/25,11:58:44am,Cycad,"176.270","17.0","9.3","0.001017","1662980.114","352685.035"
2022/02/25,"3","6",B,"089","1.00","13.00","1.00","2.00",1=POOR,Unknown,"0","1",1=sparse,Yes,No,Yes,No,,"1.9","0.9",Uncorrected,Geo 7X (H-Star),2022/02/25,12:00:39pm,Cycad,"184.070","14.9","7.8","0.001490","1662985.862","352686.159"
2022/02/25,"3","6",C,"067","5.00","24.00","2.00","3.00",2=MOD,Unknown,"0","1",1=sparse,No,No,Yes,No,,"1.5","0.8",Uncorrected,Geo 7X (H-Star),2022/02/25,12:02:21pm,Cycad,"178.610","14.2","9.2","0.000629","1662983.522","352687.371"
2022/02/25,"3","6",D,,,,,,0=DEAD/MISSING,,,,,,,,,,"1.7","0.9",Uncorrected,Geo 7X (H-Star),2022/02/25,12:03:52pm,Cycad,"183.208","13.3","6.7","0.000841","1662987.813","352689.480"
2022/02/25,"3","6",E,"066","1.50","25.00","1.00","5.00",2=MOD,Unknown,"0","1",1=sparse,No,No,Yes,No,,"1.4","0.7",Uncorrected,Geo 7X (H-Star),2022/02/25,12:04:24pm,Cycad,"182.002","12.6","8.1","0.000813","1662991.899","352691.177"
2022/02/25,"3","6",F,"030","2.00","28.00","2.00","5.00",2=MOD,Unknown,"0","1",1=sparse,Yes,No,Yes,No,,"2.2","1.0",Uncorrected,Geo 7X (H-Star),2022/02/25,12:05:49pm,Cycad,"177.446","14.0","7.2","0.001174","1662989.827","352692.802"
2022/02/25,"3","6",G,"048","7.00","56.00","3.00","5.00",2=MOD,Unknown,"0","1",1=sparse,No,No,Yes,No,,"5.2","2.6",Uncorrected,Geo 7X (H-Star),2022/02/25,12:07:44pm,Cycad,"178.952","19.3","9.0","0.001616","1662995.053","352694.864"
2022/02/25,"3","6",H,,,,,,0=DEAD/MISSING,,,,,,,,,,"1.9","0.9",Uncorrected,Geo 7X (H-Star),2022/02/25,12:10:46pm,Cycad,"183.718","16.6","7.9","0.000726","1663000.273","352696.627"
2022/02/25,"3","6",I,,,,,,0=DEAD/MISSING,,,,,,,,,,"1.7","0.7",Uncorrected,Geo 7X (H-Star),2022/02/25,12:11:34pm,Cycad,"179.514","15.5","6.9","0.000261","1662999.844","352697.600"
2022/02/25,"3","6",J,,,,,,0=DEAD/MISSING,,,,,,,,,,"1.7","0.8",Uncorrected,Geo 7X (H-Star),2022/02/25,12:11:55pm,Cycad,"177.354","14.7","9.0","0.000751","1663002.780","352698.226"
2022/02/26,"4","1",A,,,,,,,,,,,,,,,,"2.3","1.2",Uncorrected,Geo 7X (H-Star),2022/02/26,09:21:32am,Cycad,"181.241","10.1","6.0","0.001169","1663020.734","352687.417"
2022/02/26,"4","1",A,"0148",,,,,,,,,,,,,,,"1.8","1.0",Uncorrected,Geo 7X (H-Star),2022/02/26,09:26:28am,Cycad,"183.747","10.9","6.2","0.000994","1663020.231","352688.122"
2022/02/26,"4","1",B,"0149",,,,,,,,,,,,,,,"1.8","1.0",Uncorrected,Geo 7X (H-Star),2022/02/26,09:28:03am,Cycad,"181.455","9.7","6.0","0.000870","1663023.618","352689.783"
2022/02/26,"4","1",C,"0150",,,,,,,,,,,,,,,"1.8","1.0",Uncorrected,Geo 7X (H-Star),2022/02/26,09:29:05am,Cycad,"182.628","13.7","7.7","0.000868","1663026.167","352690.416"
2022/02/26,"4","1",D,"0151",,,,,,,,,,,,,,,"1.8","1.0",Uncorrected,Geo 7X (H-Star),2022/02/26,09:30:01am,Cycad,"178.915","7.7","4.9","0.001326","1663031.758","352692.160"
2022/02/26,"4","1",E,"0152",,,,,,,,,,,,,,,"1.6","0.9",Uncorrected,Geo 7X (H-Star),2022/02/26,09:30:52am,Cycad,"180.960","8.8","5.3","0.000694","1663032.444","352693.654"
2022/02/26,"4","1",F,"0153",,,,,,,,,,,,,,,"2.0","1.1",Uncorrected,Geo 7X (H-Star),2022/02/26,09:31:29am,Cycad,"181.761","8.6","5.5","0.000922","1663036.180","352693.159"
2022/02/26,"4","1",I,"0154",,,,,,,,,,,,,,,"1.8","1.0",Uncorrected,Geo 7X (H-Star),2022/02/26,09:32:06am,Cycad,"179.606","8.6","5.6","0.001045","1663040.354","352699.316"
2022/02/26,"4","1",J,"0155",,,,,,,,,,,,,,,"1.8","1.1",Uncorrected,Geo 7X (H-Star),2022/02/26,09:34:59am,Cycad,"178.461","9.6","6.6","0.000297","1663042.164","352700.234"
2022/02/26,"4","1",K,"0156",,,,,,,,,,,,,,,"1.7","1.0",Uncorrected,Geo 7X (H-Star),2022/02/26,09:35:41am,Cycad,"180.377","9.1","6.2","0.000882","1663044.957","352703.445"
2022/02/26,"4","1",L,"0157",,,,,,,,,,,,,,,"1.7","1.0",Uncorrected,Geo 7X (H-Star),2022/02/26,09:36:19am,Cycad,"177.717","8.5","5.5","0.000303","1663047.222","352703.761"
2022/02/26,"4","3",A,"318",,,,,,,,,,,,,,,"1.8","1.0",Uncorrected,Geo 7X (H-Star),2022/02/26,09:38:31am,Cycad,"175.938","7.8","5.3","0.001357","1663019.008","352689.495"
2022/02/26,"4","3",B,"319",,,,,,,,,,,,,,,"1.7","0.9",Uncorrected,Geo 7X (H-Star),2022/02/26,09:39:20am,Cycad,"177.797","8.6","5.3","0.001055","1663021.616","352693.729"
2022/02/26,"4","3",D,"320",,,,,,,,,,,,,,,"1.6","0.9",Uncorrected,Geo 7X (H-Star),2022/02/26,09:39:56am,Cycad,"179.982","8.7","5.5","0.000373","1663026.134","352696.661"
2022/02/26,"4","3",E,"321",,,,,,,,,,,,,,,"1.6","0.9",Uncorrected,Geo 7X (H-Star),2022/02/26,09:40:29am,Cycad,"182.476","8.0","5.9","0.000270","1663028.245","352698.573"
2022/02/26,"4","3",F,"322",,,,,,,,,,,,,,,"1.8","1.0",Uncorrected,Geo 7X (H-Star),2022/02/26,09:40:52am,Cycad,"182.524","9.0","5.7","0.000359","1663029.377","352701.173"
2022/02/26,"4","3",K,"323",,,,,,,,,,,,,,,"1.8","1.0",Uncorrected,Geo 7X (H-Star),2022/02/26,09:41:37am,Cycad,"173.145","9.2","5.8","0.000352","1663043.431","352706.123"
2022/02/26,"4","3",L,"324",,,,,,,,,,,,,,,"1.6","0.9",Uncorrected,Geo 7X (H-Star),2022/02/26,09:42:09am,Cycad,"177.452","8.2","4.8","0.000548","1663044.487","352707.837"
2022/02/26,"5","1",A,"0160",,,,,,,,,,,,,,,"1.6","0.9",Uncorrected,Geo 7X (H-Star),2022/02/26,09:52:44am,Cycad,"180.679","8.4","5.4","0.002679","1663071.075","352711.955"
2022/02/26,"5","3",B,"0386",,,,,,,,,,,,,,,"1.6","0.9",Uncorrected,Geo 7X (H-Star),2022/02/26,09:56:34am,Cycad,"179.403","8.1","5.4","0.000885","1663068.855","352713.576"
2022/02/26,"5","3",C,"0163",,,,,,,,,,,,,,,"1.5","0.8",Uncorrected,Geo 7X (H-Star),2022/02/26,09:58:42am,Cycad,"178.266","7.5","4.7","0.000416","1663070.512","352717.134"
2022/02/26,"5","3",D,"0165",,,,,,,,,,,,,,,"1.4","0.8",Uncorrected,Geo 7X (H-Star),2022/02/26,10:01:58am,Cycad,"178.057","7.4","4.4","0.000240","1663073.454","352717.220"
2022/02/26,"5","3",E,"0167",,,,,,,,,,,,,,,"1.4","0.8",Uncorrected,Geo 7X (H-Star),2022/02/26,10:02:49am,Cycad,"178.931","7.7","4.6","0.000190","1663075.246","352719.963"
2022/02/26,"5","3",G,"0168",,,,,,,,,,,,,,,"1.2","0.7",Uncorrected,Geo 7X (H-Star),2022/02/26,10:05:19am,Cycad,"181.741","6.8","4.3","0.000425","1663079.348","352724.553"
2022/02/26,"6","3",E,"0378",,,,,,,,,,,,,,,"1.4","0.8",Uncorrected,Geo 7X (H-Star),2022/02/26,10:11:24am,Cycad,"183.508","7.9","5.0","0.000538","1663096.545","352728.578"
2022/02/26,"6","3",G,"0377",,,,,,,,,,,,,,,"1.4","0.8",Uncorrected,Geo 7X (H-Star),2022/02/26,10:12:47am,Cycad,"183.683","9.1","4.8","0.000543","1663102.621","352731.288"
2022/02/26,"6","3",H,"0376",,,,,,,,,,,,,,,"1.6","0.8",Uncorrected,Geo 7X (H-Star),2022/02/26,10:13:26am,Cycad,"181.534","9.6","4.9","0.000289","1663105.315","352732.873"
2022/02/26,"6","3",I,"0375",,,,,,,,,,,,,,,"1.4","0.8",Uncorrected,Geo 7X (H-Star),2022/02/26,10:14:38am,Cycad,"185.972","12.6","5.2","0.000495","1663107.689","352733.883"
2022/02/26,"7","3",A,"0185",,,,,,,,,,,,,,,"1.4","0.8",Uncorrected,Geo 7X (H-Star),2022/02/26,10:28:38am,Cycad,"185.943","10.9","5.3","0.000307","1663120.190","352755.493"
2022/02/26,"7","3",B,"0016",,,,,,,,,,,,,,,"1.4","0.8",Uncorrected,Geo 7X (H-Star),2022/02/26,10:29:29am,Cycad,"185.463","11.0","6.3","0.000427","1663123.270","352757.158"
2022/02/26,"7","3",C,"0186",,,,,,,,,,,,,,,"1.4","0.8",Uncorrected,Geo 7X (H-Star),2022/02/26,10:30:24am,Cycad,"186.539","9.9","5.8","0.000338","1663126.330","352758.440"
2022/02/26,"7","3",D,"0187",,,,,,,,,,,,,,,"1.5","0.9",Uncorrected,Geo 7X (H-Star),2022/02/26,10:30:57am,Cycad,"187.839","11.4","5.8","0.000783","1663127.879","352759.294"
2022/02/26,"23","2",B,"0364",,,,,,,,,,,,,,,"1.3","0.7",Uncorrected,Geo 7X (H-Star),2022/02/26,11:06:58am,Cycad,"184.876","11.1","6.6","0.000657","1663108.949","352772.441"
2022/02/26,"23","2",C,"0363",,,,,,,,,,,,,,,"1.2","0.6",Uncorrected,Geo 7X (H-Star),2022/02/26,11:07:55am,Cycad,"179.947","11.4","5.9","0.000390","1663109.918","352775.877"
2022/02/26,"23","2",D,"0347",,,,,,,,,,,,,,,"1.2","0.6",Uncorrected,Geo 7X (H-Star),2022/02/26,11:08:41am,Cycad,"183.911","10.1","5.9","0.000608","1663108.705","352780.121"
2022/02/26,"23","2",E,"0346",,,,,,,,,,,,,,,"1.2","0.6",Uncorrected,Geo 7X (H-Star),2022/02/26,11:09:08am,Cycad,"185.231","9.0","5.7","0.000593","1663108.008","352781.808"
2022/02/26,"23","2",F,"0349",,,,,,,,,,,,,,,"1.3","0.7",Uncorrected,Geo 7X (H-Star),2022/02/26,11:09:45am,Cycad,"185.073","9.0","6.0","0.001319","1663106.883","352783.416"
2022/02/26,"23","2",G,"0353",,,,,,,,,,,,,,,"1.2","0.6",Uncorrected,Geo 7X (H-Star),2022/02/26,11:10:41am,Cycad,"183.838","7.4","4.6","0.000744","1663108.336","352790.676"
2022/02/26,"23","2",H,"0339",,,,,,,,,,,,,,,"1.2","0.6",Uncorrected,Geo 7X (H-Star),2022/02/26,11:11:31am,Cycad,"180.733","7.1","4.4","0.000890","1663108.532","352793.712"
2022/02/26,"23","2",I,"0341",,,,,,,,,,,,,,,"1.1","0.6",Uncorrected,Geo 7X (H-Star),2022/02/26,11:12:23am,Cycad,"180.404","6.5","4.2","0.000786","1663108.573","352795.535"
2022/02/26,"23","2",K,"0342",,,,,,,,,,,,,,,"1.2","0.6",Uncorrected,Geo 7X (H-Star),2022/02/26,11:13:15am,Cycad,"180.211","7.1","4.6","0.002576","1663107.560","352803.414"
2022/02/26,"8","1",B,"0344",,,,,,,,,,,,,,,"1.1","0.6",Uncorrected,Geo 7X (H-Star),2022/02/26,11:15:36am,Cycad,"189.052","12.9","7.7","0.001817","1663143.055","352761.571"
2022/02/26,"8","1",C,"0338",,,,,,,,,,,,,,,"1.1","0.6",Uncorrected,Geo 7X (H-Star),2022/02/26,11:16:38am,Cycad,"184.733","9.3","6.0","0.000366","1663145.391","352762.438"
2022/02/26,"8","1",D,"0343",,,,,,,,,,,,,,,"1.2","0.7",Uncorrected,Geo 7X (H-Star),2022/02/26,11:17:17am,Cycad,"185.709","8.9","5.6","0.000355","1663148.452","352765.079"
2022/02/26,"8","1",E,"0337",,,,,,,,,,,,,,,"1.2","0.7",Uncorrected,Geo 7X (H-Star),2022/02/26,11:18:03am,Cycad,"184.804","11.0","7.7","0.000902","1663152.482","352764.855"
2022/02/26,"8","6",A,"0359",,,,,,,,,,,,,,,"1.3","0.7",Uncorrected,Geo 7X (H-Star),2022/02/26,11:32:09am,Cycad,"181.878","9.8","6.5","0.001138","1663133.318","352777.788"
2022/02/26,"8","6",B,"0421",,,,,,,,,,,,,,,"1.3","0.6",Uncorrected,Geo 7X (H-Star),2022/02/26,11:32:45am,Cycad,"183.330","9.0","5.4","0.000427","1663135.056","352778.663"
2022/02/26,"8","6",C,"0413",,,,,,,,,,,,,,,"1.2","0.6",Uncorrected,Geo 7X (H-Star),2022/02/26,11:34:59am,Cycad,"181.836","8.6","5.3","0.000675","1663140.072","352779.113"
2022/02/26,"8","6",D,"0419",,,,,,,,,,,,,,,"1.2","0.6",Uncorrected,Geo 7X (H-Star),2022/02/26,11:35:41am,Cycad,"183.743","9.4","5.7","0.000458","1663140.665","352783.134"
2022/02/26,"8","3",E,"0406",,,,,,,,,,,,,,,"1.2","0.6",Uncorrected,Geo 7X (H-Star),2022/02/26,11:36:25am,Cycad,"182.475","10.9","5.7","0.000503","1663143.288","352784.116"
2022/02/26,"9","1",A,"0407",,,,,,,,,,,,,,,"1.2","0.6",Uncorrected,Geo 7X (H-Star),2022/02/26,11:51:33am,Cycad,"184.379","9.7","6.0","0.002847","1663158.965","352774.700"
2022/02/26,"9","1",B,"0415",,,,,,,,,,,,,,,"1.2","0.6",Uncorrected,Geo 7X (H-Star),2022/02/26,11:53:45am,Cycad,"184.944","9.5","5.7","0.000438","1663162.125","352771.459"
2022/02/26,"9","1",D,"0414",,,,,,,,,,,,,,,"1.2","0.6",Uncorrected,Geo 7X (H-Star),2022/02/26,11:54:25am,Cycad,"183.895","8.6","5.1","0.000250","1663167.804","352773.204"
2022/02/26,"9","1",I,"0445",,,,,,,,,,,,,,,"1.2","0.6",Uncorrected,Geo 7X (H-Star),2022/02/26,11:57:45am,Cycad,"187.735","8.8","5.5","0.000617","1663181.282","352776.510"
2022/02/26,"9","4",B,"0478",,,,,,,,,,,,,,,"1.2","0.6",Uncorrected,Geo 7X (H-Star),2022/02/26,12:00:27pm,Cycad,"184.633","9.1","5.8","0.000705","1663160.845","352778.177"
2022/02/26,"9","4",H,"0475",,,,,,,,,,,,,,,"1.2","0.6",Uncorrected,Geo 7X (H-Star),2022/02/26,12:07:41pm,Cycad,"184.908","9.3","5.2","0.000600","1663177.198","352784.316"
2022/02/26,"9","4",I,"0476",,,,,,,,,,,,,,,"1.2","0.6",Uncorrected,Geo 7X (H-Star),2022/02/26,12:08:33pm,Cycad,"184.901","8.1","5.0","0.000232","1663180.320","352786.268"
2022/02/26,"9","6",A,"0460",,,,,,,,,,,,,,,"1.2","0.6",Uncorrected,Geo 7X (H-Star),2022/02/26,12:09:39pm,Cycad,"180.373","9.6","5.1","0.000406","1663154.919","352784.129"
2022/02/26,"9","6",E,"0449",,,,,,,,,,,,,,,"1.1","0.6",Uncorrected,Geo 7X (H-Star),2022/02/26,12:10:37pm,Cycad,"183.862","11.5","5.5","0.000370","1663166.799","352788.122"
2022/02/26,"9","6",I,"0468",,,,,,,,,,,,,,,"1.2","0.6",Uncorrected,Geo 7X (H-Star),2022/02/26,12:11:29pm,Cycad,"183.833","8.3","4.4","0.000415","1663177.924","352789.272"
2022/02/26,"18","1",A,"0453",,,,,,,,,,,,,,,"1.3","0.7",Uncorrected,Geo 7X (H-Star),2022/02/26,12:18:41pm,Cycad,"184.265","8.4","5.4","0.000180","1663235.903","352800.982"
2022/02/26,"18","1",B,"0464",,,,,,,,,,,,,,,"1.2","0.6",Uncorrected,Geo 7X (H-Star),2022/02/26,12:19:42pm,Cycad,"183.401","8.0","4.7","0.000317","1663235.551","352806.689"
2022/02/26,"12","4",B,"0435",,,,,,,,,,,,,,,"1.3","0.7",Uncorrected,Geo 7X (H-Star),2022/02/26,12:23:30pm,Cycad,"184.195","12.3","6.4","0.000619","1663241.957","352776.538"
2022/02/26,"12","5",B,"0432",,,,,,,,,,,,,,,"1.3","0.7",Uncorrected,Geo 7X (H-Star),2022/02/26,12:24:35pm,Cycad,"178.482","13.8","6.6","0.000233","1663241.040","352777.760"
2022/02/26,"12","5",C,"0050",,,,,,,,,,,,,,,"1.3","0.7",Uncorrected,Geo 7X (H-Star),2022/02/26,12:25:06pm,Cycad,"179.428","12.4","6.0","0.000198","1663243.991","352778.282"
2022/02/26,"12","7",A,"0448",,,,,,,,,,,,,,,"1.3","0.7",Uncorrected,Geo 7X (H-Star),2022/02/26,12:25:57pm,Cycad,"184.552","11.5","7.0","0.000583","1663239.706","352785.079"
2022/02/26,"12","7",H,"0454",,,,,,,,,,,,,,,"1.1","0.6",Uncorrected,Geo 7X (H-Star),2022/02/26,12:27:01pm,Cycad,"180.884","8.5","4.6","0.000276","1663260.672","352783.729"
2022/02/26,"12","8",A,"0441",,,,,,,,,,,,,,,"1.4","0.7",Uncorrected,Geo 7X (H-Star),2022/02/26,12:27:51pm,Cycad,"181.621","13.4","6.6","0.000648","1663239.124","352786.246"
2022/02/26,"12","10",H,"0466",,,,,,,,,,,,,,,"1.4","0.7",Uncorrected,Geo 7X (H-Star),2022/02/26,12:28:51pm,Cycad,"177.589","9.6","5.1","0.000388","1663260.461","352785.803"
2022/02/26,"14","1",A,"0481",,,,,,,,,,,,,,,"1.5","0.8",Uncorrected,Geo 7X (H-Star),2022/02/26,12:31:22pm,Cycad,"187.524","16.8","8.3","0.001073","1663312.412","352768.433"
2022/02/26,"14","1",B,"0423",,,,,,,,,,,,,,,"1.4","0.7",Uncorrected,Geo 7X (H-Star),2022/02/26,12:32:03pm,Cycad,"189.411","14.2","7.7","0.000744","1663316.090","352768.571"
2022/02/26,"14","1",F,"0500",,,,,,,,,,,,,,,"1.5","0.7",Uncorrected,Geo 7X (H-Star),2022/02/26,12:46:34pm,Cycad,"185.071","15.0","7.3","0.000929","1663328.535","352770.063"
2022/02/26,"14","1",H,"0497",,,,,,,,,,,,,,,"1.5","0.7",Uncorrected,Geo 7X (H-Star),2022/02/26,12:51:13pm,Cycad,"188.572","12.0","6.5","0.000624","1663331.417","352773.059"
2022/02/26,"14","1",I,"0494",,,,,,,,,,,,,,,"1.3","0.6",Uncorrected,Geo 7X (H-Star),2022/02/26,12:52:30pm,Cycad,"187.560","11.6","5.8","0.000465","1663334.073","352773.800"
2022/02/26,"14","1",J,"0496",,,,,,,,,,,,,,,"1.4","0.6",Uncorrected,Geo 7X (H-Star),2022/02/26,12:53:41pm,Cycad,"186.670","11.2","5.9","0.000345","1663336.808","352774.146"
2022/02/26,"14","1",K,"0473",,,,,,,,,,,,,,,"1.4","0.7",Uncorrected,Geo 7X (H-Star),2022/02/26,12:54:20pm,Cycad,"185.259","10.9","5.7","0.000313","1663339.559","352773.790"
2022/02/26,"14","1",L,"0437",,,,,,,,,,,,,,,"1.4","0.7",Uncorrected,Geo 7X (H-Star),2022/02/26,12:54:58pm,Cycad,"183.625","15.8","8.4","0.000200","1663342.351","352774.957"
2022/02/26,"14","1",M,"0430",,,,,,,,,,,,,,,"1.5","0.7",Uncorrected,Geo 7X (H-Star),2022/02/26,12:55:32pm,Cycad,"186.244","13.5","6.9","0.000723","1663345.683","352776.480"
2022/02/26,"14","1",N,"0493",,,,,,,,,,,,,,,"1.3","0.7",Uncorrected,Geo 7X (H-Star),2022/02/26,12:56:08pm,Cycad,"188.959","11.6","6.5","0.000316","1663348.822","352778.171"
2022/02/26,"14","4",A,"0483",,,,,,,,,,,,,,,"1.5","0.7",Uncorrected,Geo 7X (H-Star),2022/02/26,12:58:45pm,Cycad,"187.022","12.5","6.0","0.000364","1663310.467","352775.399"
2022/02/26,"14","4",B,"0467",,,,,,,,,,,,,,,"1.4","0.8",Uncorrected,Geo 7X (H-Star),2022/02/26,12:59:27pm,Cycad,"186.950","15.1","7.5","0.000341","1663313.842","352776.194"
2022/02/26,"14","4",C,"0489",,,,,,,,,,,,,,,"1.2","0.7",Uncorrected,Geo 7X (H-Star),2022/02/26,01:00:07pm,Cycad,"185.932","10.5","5.5","0.000345","1663315.841","352777.033"
2022/02/26,"14","4",D,"0299",,,,,,,,,,,,,,,"1.6","0.7",Uncorrected,Geo 7X (H-Star),2022/02/26,01:01:54pm,Cycad,"181.766","11.2","5.5","0.000695","1663318.909","352778.065"
2022/02/26,"14","4",G,"0499",,,,,,,,,,,,,,,"1.6","0.7",Uncorrected,Geo 7X (H-Star),2022/02/26,01:03:09pm,Cycad,"184.385","12.5","6.3","0.000762","1663327.787","352779.478"
2022/02/26,"14","4",J,"0281",,,,,,,,,,,,,,,"1.5","0.7",Uncorrected,Geo 7X (H-Star),2022/02/26,01:07:28pm,Cycad,"186.985","10.8","4.7","0.000263","1663334.908","352781.619"
2022/02/26,"14","4",K,"0287",,,,,,,,,,,,,,,"1.3","0.6",Uncorrected,Geo 7X (H-Star),2022/02/26,01:08:11pm,Cycad,"186.388","10.8","4.9","0.000148","1663337.673","352782.621"
2022/02/26,"14","4",L,"0291",,,,,,,,,,,,,,,"1.3","0.6",Uncorrected,Geo 7X (H-Star),2022/02/26,01:08:47pm,Cycad,"187.519","10.4","4.8","0.000269","1663340.692","352783.706"
2022/02/26,"14","4",M,"0290",,,,,,,,,,,,,,,"1.3","0.6",Uncorrected,Geo 7X (H-Star),2022/02/26,01:15:29pm,Cycad,"187.159","9.8","5.2","0.000325","1663342.748","352783.803"
2022/02/26,"14","1",C,"0606",,,,,,,,,,,,,,,"1.5","0.7",Uncorrected,Geo 7X (H-Star),2022/02/26,01:33:06pm,Cycad,"190.200","11.0","6.0","0.000822","1663358.433","352781.988"
2022/02/26,"14","1",F,"0602",,,,,,,,,,,,,,,"1.4","0.7",Uncorrected,Geo 7X (H-Star),2022/02/26,01:34:33pm,Cycad,"192.226","10.6","6.3","0.000670","1663367.529","352784.763"
2022/02/26,"14","1",G,"0604",,,,,,,,,,,,,,,"1.4","0.7",Uncorrected,Geo 7X (H-Star),2022/02/26,01:35:16pm,Cycad,"191.366","9.2","5.2","0.000382","1663370.031","352787.258"
2022/02/26,"14","1",I,"0603",,,,,,,,,,,,,,,"1.3","0.7",Uncorrected,Geo 7X (H-Star),2022/02/26,01:36:33pm,Cycad,"193.050","9.2","5.2","0.000087","1663375.369","352791.378"
2022/02/26,"14","1",J,"0605",,,,,,,,,,,,,,,"1.4","0.8",Uncorrected,Geo 7X (H-Star),2022/02/26,01:37:23pm,Cycad,"191.385","8.8","5.4","0.000559","1663378.438","352791.269"
2022/02/26,"14","1",K,"0601",,,,,,,,,,,,,,,"1.6","0.8",Uncorrected,Geo 7X (H-Star),2022/02/26,01:40:58pm,Cycad,"193.992","12.1","6.4","0.000535","1663381.920","352790.353"
2022/02/26,"14","1",L,"0624",,,,,,,,,,,,,,,"1.4","0.7",Uncorrected,Geo 7X (H-Star),2022/02/26,01:44:11pm,Cycad,"193.531","10.0","5.4","0.000191","1663385.113","352791.769"
2022/02/26,"14","1",M,"0616",,,,,,,,,,,,,,,"1.4","0.7",Uncorrected,Geo 7X (H-Star),2022/02/26,01:45:08pm,Cycad,"190.911","9.5","5.5","0.000509","1663387.726","352792.852"
2022/02/26,"14","1",N,"0618",,,,,,,,,,,,,,,"1.5","0.8",Uncorrected,Geo 7X (H-Star),2022/02/26,01:46:16pm,Cycad,"190.584","10.5","6.8","0.000633","1663390.294","352795.222"
2022/02/26,"14","1",O,"0615",,,,,,,,,,,,,,,"1.4","0.7",Uncorrected,Geo 7X (H-Star),2022/02/26,01:47:16pm,Cycad,"191.907","9.3","5.5","0.000295","1663392.839","352796.960"
2022/02/26,"14","4",A,"0617",,,,,,,,,,,,,,,"1.4","0.8",Uncorrected,Geo 7X (H-Star),2022/02/26,02:01:57pm,Cycad,"189.183","9.7","6.8","0.000402","1663353.301","352787.803"
2022/02/26,"14","4",B,"0635",,,,,,,,,,,,,,,"1.8","1.1",Uncorrected,Geo 7X (H-Star),2022/02/26,02:02:27pm,Cycad,"189.335","10.9","7.1","0.000715","1663354.888","352788.818"
2022/02/26,"14","4",C,"0637",,,,,,,,,,,,,,,"1.4","0.8",Uncorrected,Geo 7X (H-Star),2022/02/26,02:03:00pm,Cycad,"187.899","10.4","6.5","0.000347","1663358.212","352789.952"
2022/02/26,"14","4",D,"0632",,,,,,,,,,,,,,,"1.4","0.8",Uncorrected,Geo 7X (H-Star),2022/02/26,02:03:49pm,Cycad,"188.039","9.5","5.8","0.000196","1663360.543","352792.782"
2022/02/26,"14","4",E,"0639",,,,,,,,,,,,,,,"1.4","0.8",Uncorrected,Geo 7X (H-Star),2022/02/26,02:04:30pm,Cycad,"189.357","9.1","6.5","0.000397","1663363.118","352792.727"
2022/02/26,"14","4",F,"0638",,,,,,,,,,,,,,,"1.4","0.8",Uncorrected,Geo 7X (H-Star),2022/02/26,02:05:07pm,Cycad,"189.288","9.5","6.3","0.000157","1663365.926","352793.715"
2022/02/26,"14","4",G,"0659",,,,,,,,,,,,,,,"1.3","0.8",Uncorrected,Geo 7X (H-Star),2022/02/26,02:10:10pm,Cycad,"185.519","10.3","6.9","0.000449","1663369.888","352796.055"
2022/02/26,"14","4",H,"0658",,,,,,,,,,,,,,,"1.4","0.9",Uncorrected,Geo 7X (H-Star),2022/02/26,02:10:45pm,Cycad,"186.828","9.0","6.2","0.000555","1663372.661","352797.669"
2022/02/26,"14","4",J,"0660",,,,,,,,,,,,,,,"1.5","1.0",Uncorrected,Geo 7X (H-Star),2022/02/26,02:11:33pm,Cycad,"187.734","10.4","6.6","0.000450","1663379.308","352798.597"
2022/02/26,"14","4",K,"0663",,,,,,,,,,,,,,,"1.4","0.8",Uncorrected,Geo 7X (H-Star),2022/02/26,02:12:20pm,Cycad,"187.093","10.1","6.1","0.000241","1663381.697","352799.652"
2022/02/26,"14","4",L,"0666",,,,,,,,,,,,,,,"1.5","0.8",Uncorrected,Geo 7X (H-Star),2022/02/26,02:14:56pm,Cycad,"186.940","9.3","5.5","0.000218","1663384.676","352801.082"
2022/02/26,"14","4",N,"0651",,,,,,,,,,,,,,,"1.7","1.0",Uncorrected,Geo 7X (H-Star),2022/02/26,02:15:23pm,Cycad,"188.136","11.3","7.4","0.004192","1663390.046","352804.601"
